Student_ID,Comment,Sentiment
1,Some lectures are difficult to follow because explanations are unclear This affects the overall learning experience.,Negative
2,"Faculty is helpful, but more doubt sessions would be useful A little more practice would be beneficial.",Neutral
3,The course structure is reasonable with a few areas to improve.,Neutral
4,The course has a good balance between theory and practical work The teaching method is effective.,Positive
5,The course meets expectations but could provide more hands-on activities A few changes could make it better.,Neutral
6,The instructor is helpful but more interactive activities could be added.,Neutral
7,Examples used in lectures make difficult topics easier This makes learning easier for students.,Positive
8,The teacher explains concepts clearly and answers questions patiently.,Positive
9,Lectures are useful but more revision would be helpful A few changes could make it better.,Neutral
10,The course needs better time management This affects the overall learning experience.,Negative
11,The instructor is knowledgeable and explains topics simply I would recommend continuing this approach.,Positive
12,Faculty encourages students to participate in discussions The teaching method is effective.,Positive
13,The instructor gives helpful feedback on assignments This makes learning easier for students.,Positive
14,Some important topics are covered too quickly.,Negative
15,Projector and classroom equipment sometimes do not work.,Negative
16,Lectures are useful but more revision would be helpful This can be improved gradually.,Neutral
17,Regular activities make the classes interesting The sessions are engaging and informative.,Positive
18,The teacher explains concepts clearly and answers questions patiently The approach is very student friendly.,Positive
19,Assignments are sometimes given without clear instructions Students need improvement in this area.,Negative
20,The classroom infrastructure needs improvement.,Negative
21,Study material is adequate but additional resources would help This is acceptable but can be enhanced.,Neutral
22,The overall experience is satisfactory with some areas for improvement Students may benefit from some improvements.,Neutral
23,The timetable is not convenient for practical sessions Better planning could improve the situation.,Negative
24,Regular activities make the classes interesting.,Positive
25,Study material is adequate but additional resources would help This can be improved gradually.,Neutral
26,Projector and classroom equipment sometimes do not work Additional resources would help solve this problem.,Negative
27,Classes are adequate and additional practice would be beneficial.,Neutral
28,There is not enough time for students to ask questions.,Negative
29,More real-world examples should be included Additional resources would help solve this problem.,Negative
30,Assignments are useful but their difficulty varies Some additional support would be useful.,Neutral
31,The practical syllabus needs better planning Additional resources would help solve this problem.,Negative
32,Students need more hands-on practice in the laboratory This affects the overall learning experience.,Negative
33,The laboratory is useful but additional equipment would improve practice This can be improved gradually.,Neutral
34,"Teaching is okay, although more practical examples would help More examples would make it clearer.",Neutral
35,The classroom environment is positive and comfortable.,Positive
36,More real-world examples should be included Students need improvement in this area.,Negative
37,The course needs better time management Better planning could improve the situation.,Negative
38,Practical sessions are informative and improve our understanding The sessions are engaging and informative.,Positive
39,The laboratory is useful but additional equipment would improve practice.,Neutral
40,Study material is not provided on time More support would make the course better.,Negative
41,Some classes start late and reduce learning time This affects the overall learning experience.,Negative
42,Course content is good but the workload can be improved.,Neutral
43,The course schedule feels rushed near the end Students need improvement in this area.,Negative
44,More real-world examples should be included.,Negative
45,The classroom environment is acceptable but can be improved This can be improved gradually.,Neutral
46,Course resources are organized and easy to access It helps us understand the subject better.,Positive
47,"Teaching is okay, although more practical examples would help A few changes could make it better.",Neutral
48,The instructor gives helpful feedback on assignments The teaching method is effective.,Positive
49,Practical sessions are informative and improve our understanding This makes learning easier for students.,Positive
50,The instructor is helpful but more interactive activities could be added This is acceptable but can be enhanced.,Neutral
51,Course content is good but the workload can be improved This can be improved gradually.,Neutral
52,Teachers provide useful guidance for projects It helps us understand the subject better.,Positive
53,The timetable is manageable but some classes are scheduled closely Students may benefit from some improvements.,Neutral
54,Students need clearer instructions for projects More attention should be given to this issue.,Negative
55,The course structure is reasonable with a few areas to improve This is acceptable but can be enhanced.,Neutral
56,The course provides useful knowledge but needs more project-based learning A few changes could make it better.,Neutral
57,"Faculty responds to questions, although response time can vary Some additional support would be useful.",Neutral
58,"The instructor explains well, although some lectures are lengthy Students may benefit from some improvements.",Neutral
59,Projector and classroom equipment sometimes do not work.,Negative
60,Feedback on assignments is sometimes delayed.,Negative
61,The course meets expectations but could provide more hands-on activities.,Neutral
62,The instructor encourages teamwork and problem solving The sessions are engaging and informative.,Positive
63,"Faculty is helpful, but more doubt sessions would be useful A few changes could make it better.",Neutral
64,The teaching method is reasonable and could be more interactive This is acceptable but can be enhanced.,Neutral
65,Study materials are useful and easy to understand The teaching method is effective.,Positive
66,Practical sessions are informative and improve our understanding This makes learning easier for students.,Positive
67,Study materials are useful and easy to understand The teaching method is effective.,Positive
68,The instructor encourages teamwork and problem solving The approach is very student friendly.,Positive
69,The course has a good balance between theory and practical work.,Positive
70,Regular activities make the classes interesting I would recommend continuing this approach.,Positive
71,The classroom environment is acceptable but can be improved This is acceptable but can be enhanced.,Neutral
72,Classes are interactive and students can ask questions freely.,Positive
73,The instructor is helpful but more interactive activities could be added This can be improved gradually.,Neutral
74,The course has improved my technical knowledge.,Positive
75,The instructor is helpful but more interactive activities could be added This can be improved gradually.,Neutral
76,The overall experience is satisfactory with some areas for improvement The overall situation is manageable.,Neutral
77,Students need clearer instructions for projects Additional resources would help solve this problem.,Negative
78,"Faculty responds to questions, although response time can vary This is acceptable but can be enhanced.",Neutral
79,Teachers provide useful guidance for projects This has been useful for my project work.,Positive
80,"The subject is useful, although more case studies could be included.",Neutral
81,"Faculty is helpful, but more doubt sessions would be useful.",Neutral
82,The teacher uses good examples to explain difficult topics It helps us understand the subject better.,Positive
83,The practical demonstrations make the subject easier to understand I especially liked the practical examples.,Positive
84,The course has a good balance between theory and practical work.,Positive
85,The lectures are too fast and difficult to understand This should be addressed in future classes.,Negative
86,More real-world examples should be included This affects the overall learning experience.,Negative
87,"The subject is useful, although more case studies could be included Some additional support would be useful.",Neutral
88,Some topics are explained without enough practical examples This should be addressed in future classes.,Negative
89,The teacher uses good examples to explain difficult topics The approach is very student friendly.,Positive
90,"Faculty is helpful, but more doubt sessions would be useful A few changes could make it better.",Neutral
91,More real-world examples should be included This affects the overall learning experience.,Negative
92,The course provides useful knowledge but needs more project-based learning More examples would make it clearer.,Neutral
93,Assignments are useful but their difficulty varies.,Neutral
94,Some lectures are difficult to follow because explanations are unclear Better planning could improve the situation.,Negative
95,Study material is adequate but additional resources would help More examples would make it clearer.,Neutral
96,The practical demonstrations make the subject easier to understand The teaching method is effective.,Positive
97,The classroom infrastructure needs improvement Students need improvement in this area.,Negative
98,The lectures are too fast and difficult to understand This affects the overall learning experience.,Negative
99,The course has limited opportunities for industry exposure.,Negative
100,The classroom sometimes becomes too noisy during lectures More attention should be given to this issue.,Negative
101,"Teaching is okay, although more practical examples would help.",Neutral
102,Study material is not provided on time The issue becomes noticeable during practical work.,Negative
103,Practical sessions need better equipment and more time The issue becomes noticeable during practical work.,Negative
104,The course provides useful knowledge but needs more project-based learning.,Neutral
105,The course has a good balance between theory and practical work It helps us understand the subject better.,Positive
106,The teaching quality is excellent and motivating.,Positive
107,Students need more hands-on practice in the laboratory.,Negative
108,The lectures are too fast and difficult to understand Students need improvement in this area.,Negative
109,Practical sessions are useful but could be longer Some additional support would be useful.,Neutral
110,Learning resources are acceptable but could be updated regularly A few changes could make it better.,Neutral
111,Laboratory equipment is not available properly Additional resources would help solve this problem.,Negative
112,"Faculty responds to questions, although response time can vary This can be improved gradually.",Neutral
113,The instructor is knowledgeable and explains topics simply I especially liked the practical examples.,Positive
114,Lectures are useful but more revision would be helpful The overall situation is manageable.,Neutral
115,Projector and classroom equipment sometimes do not work Better planning could improve the situation.,Negative
116,Faculty encourages students to participate in discussions This makes learning easier for students.,Positive
117,The course meets expectations but could provide more hands-on activities A few changes could make it better.,Neutral
118,The instructor gives helpful feedback on assignments This has been useful for my project work.,Positive
119,The teaching quality is excellent and motivating.,Positive
120,The course schedule feels rushed near the end.,Negative
121,Lectures are useful but more revision would be helpful.,Neutral
122,More real-world examples should be included.,Negative
123,The instructor encourages teamwork and problem solving.,Positive
124,The course needs better time management.,Negative
125,Faculty encourages students to participate in discussions This makes learning easier for students.,Positive
126,Study materials are useful and easy to understand.,Positive
127,Students need clearer instructions for projects More support would make the course better.,Negative
128,The classroom environment is positive and comfortable This has been useful for my project work.,Positive
129,The instructor gives helpful feedback on assignments.,Positive
130,Projector and classroom equipment sometimes do not work More support would make the course better.,Negative
131,Study material is not provided on time.,Negative
132,Practical sessions are useful but could be longer.,Neutral
133,The laboratory sessions provide valuable practical knowledge I would recommend continuing this approach.,Positive
134,The explanations are clear and the pace is comfortable The approach is very student friendly.,Positive
135,Faculty encourages students to participate in discussions It helps us understand the subject better.,Positive
136,The timetable is not convenient for practical sessions Better planning could improve the situation.,Negative
137,"Faculty responds to questions, although response time can vary This can be improved gradually.",Neutral
138,"Teaching is okay, although more practical examples would help A little more practice would be beneficial.",Neutral
139,The classroom environment is positive and comfortable It helps us understand the subject better.,Positive
140,Faculty motivates students to learn new technical skills This makes learning easier for students.,Positive
141,The practical syllabus needs better planning More attention should be given to this issue.,Negative
142,The course has a good balance between theory and practical work The sessions are engaging and informative.,Positive
143,The course content is useful and well structured The approach is very student friendly.,Positive
144,Some topics are explained without enough practical examples This should be addressed in future classes.,Negative
145,More real-world examples should be included.,Negative
146,The course provides useful knowledge but needs more project-based learning Some additional support would be useful.,Neutral
147,The instructor encourages teamwork and problem solving I especially liked the practical examples.,Positive
148,Lectures are useful but more revision would be helpful Students may benefit from some improvements.,Neutral
149,Lectures are useful but more revision would be helpful This is acceptable but can be enhanced.,Neutral
150,Study material is adequate but additional resources would help The overall situation is manageable.,Neutral
151,"The instructor explains well, although some lectures are lengthy The overall situation is manageable.",Neutral
152,The classroom infrastructure needs improvement Better planning could improve the situation.,Negative
153,Classes are interactive and students can ask questions freely I would recommend continuing this approach.,Positive
154,"Faculty responds to questions, although response time can vary More examples would make it clearer.",Neutral
155,Teachers are approachable when students have doubts The sessions are engaging and informative.,Positive
156,Projector and classroom equipment sometimes do not work.,Negative
157,Study material is adequate but additional resources would help.,Neutral
158,The overall experience is satisfactory with some areas for improvement The overall situation is manageable.,Neutral
159,Students need more hands-on practice in the laboratory.,Negative
160,The explanations are clear and the pace is comfortable I would recommend continuing this approach.,Positive
161,"Faculty is helpful, but more doubt sessions would be useful.",Neutral
162,The practical demonstrations make the subject easier to understand The teaching method is effective.,Positive
163,The teacher explains concepts clearly and answers questions patiently The teaching method is effective.,Positive
164,Practical sessions are informative and improve our understanding The sessions are engaging and informative.,Positive
165,The course has limited opportunities for industry exposure This affects the overall learning experience.,Negative
166,The course is informative and could include more industry examples The overall situation is manageable.,Neutral
167,The course provides useful knowledge but needs more project-based learning More examples would make it clearer.,Neutral
168,The course has too many assignments in a short period Additional resources would help solve this problem.,Negative
169,More real-world examples should be included Students need improvement in this area.,Negative
170,The laboratory is useful but additional equipment would improve practice Some additional support would be useful.,Neutral
171,Study materials are useful and easy to understand This makes learning easier for students.,Positive
172,The course has a good balance between theory and practical work.,Positive
173,Assignments are useful but their difficulty varies This can be improved gradually.,Neutral
174,The practical syllabus needs better planning This affects the overall learning experience.,Negative
175,Some classes start late and reduce learning time More support would make the course better.,Negative
176,The timetable is manageable but some classes are scheduled closely A few changes could make it better.,Neutral
177,Practical sessions need better equipment and more time Better planning could improve the situation.,Negative
178,Teachers are approachable when students have doubts.,Positive
179,Some topics are explained without enough practical examples The issue becomes noticeable during practical work.,Negative
180,The course covers important topics but some areas feel less detailed Some additional support would be useful.,Neutral
181,"Teaching is okay, although more practical examples would help More examples would make it clearer.",Neutral
182,Examples used in lectures make difficult topics easier The sessions are engaging and informative.,Positive
183,The overall experience is satisfactory with some areas for improvement A few changes could make it better.,Neutral
184,The course has limited opportunities for industry exposure Students need improvement in this area.,Negative
185,The course provides useful knowledge but needs more project-based learning More examples would make it clearer.,Neutral
186,The teaching method is reasonable and could be more interactive Students may benefit from some improvements.,Neutral
187,The teaching method is reasonable and could be more interactive The overall situation is manageable.,Neutral
188,The course schedule feels rushed near the end.,Negative
189,There is not enough time for students to ask questions.,Negative
190,The teaching quality is excellent and motivating.,Positive
191,Practical sessions need better equipment and more time Additional resources would help solve this problem.,Negative
192,The internet connection in the laboratory is unreliable This should be addressed in future classes.,Negative
193,The course covers important topics but some areas feel less detailed A few changes could make it better.,Neutral
194,Classes are interactive and students can ask questions freely The approach is very student friendly.,Positive
195,Regular activities make the classes interesting I especially liked the practical examples.,Positive
196,Assignments are sometimes given without clear instructions The issue becomes noticeable during practical work.,Negative
197,The practical syllabus needs better planning.,Negative
198,Study material is adequate but additional resources would help Some additional support would be useful.,Neutral
199,Faculty motivates students to learn new technical skills.,Positive
200,"The subject is useful, although more case studies could be included Students may benefit from some improvements.",Neutral
201,Study material is not provided on time More support would make the course better.,Negative
202,The overall experience is satisfactory with some areas for improvement Some additional support would be useful.,Neutral
203,The practical demonstrations make the subject easier to understand.,Positive
204,More real-world examples should be included Additional resources would help solve this problem.,Negative
205,Assignments are sometimes given without clear instructions More attention should be given to this issue.,Negative
206,The course has too many assignments in a short period More support would make the course better.,Negative
207,Some classes start late and reduce learning time Students need improvement in this area.,Negative
208,More real-world examples should be included This should be addressed in future classes.,Negative
209,Practical sessions are informative and improve our understanding The teaching method is effective.,Positive
210,The laboratory sessions provide valuable practical knowledge This makes learning easier for students.,Positive
211,"The subject is useful, although more case studies could be included Some additional support would be useful.",Neutral
212,The overall experience is satisfactory with some areas for improvement This can be improved gradually.,Neutral
213,Projector and classroom equipment sometimes do not work This affects the overall learning experience.,Negative
214,The laboratory is useful but additional equipment would improve practice This is acceptable but can be enhanced.,Neutral
215,There is not enough time for students to ask questions More support would make the course better.,Negative
216,The practical demonstrations make the subject easier to understand This has been useful for my project work.,Positive
217,The classroom sometimes becomes too noisy during lectures More support would make the course better.,Negative
218,The practical demonstrations make the subject easier to understand This makes learning easier for students.,Positive
219,The timetable is manageable but some classes are scheduled closely This can be improved gradually.,Neutral
220,Some classes start late and reduce learning time.,Negative
221,The course covers important topics but some areas feel less detailed This can be improved gradually.,Neutral
222,The course schedule feels rushed near the end Additional resources would help solve this problem.,Negative
223,The course is informative and could include more industry examples This can be improved gradually.,Neutral
224,The teacher uses good examples to explain difficult topics The approach is very student friendly.,Positive
225,The course meets expectations but could provide more hands-on activities More examples would make it clearer.,Neutral
226,Projector and classroom equipment sometimes do not work Students need improvement in this area.,Negative
227,Laboratory equipment is not available properly This should be addressed in future classes.,Negative
228,The classroom infrastructure needs improvement More support would make the course better.,Negative
229,Assignments are useful but their difficulty varies The overall situation is manageable.,Neutral
230,"Overall, I am satisfied with the teaching experience.",Positive
231,Some topics are explained without enough practical examples Additional resources would help solve this problem.,Negative
232,Examples used in lectures make difficult topics easier The approach is very student friendly.,Positive
233,Learning resources are acceptable but could be updated regularly This can be improved gradually.,Neutral
234,The course covers important topics but some areas feel less detailed.,Neutral
235,Some topics are explained without enough practical examples The issue becomes noticeable during practical work.,Negative
236,The practical syllabus needs better planning.,Negative
237,Regular activities make the classes interesting.,Positive
238,Some important topics are covered too quickly This should be addressed in future classes.,Negative
239,More real-world examples should be included Additional resources would help solve this problem.,Negative
240,The instructor gives helpful feedback on assignments The teaching method is effective.,Positive
241,The course has a good balance between theory and practical work The approach is very student friendly.,Positive
242,Teachers are approachable when students have doubts.,Positive
243,The course provides useful knowledge but needs more project-based learning Some additional support would be useful.,Neutral
244,Faculty members are supportive and helpful during classes It helps us understand the subject better.,Positive
245,The course is satisfactory but some topics need more detail.,Neutral
246,The teacher uses good examples to explain difficult topics The sessions are engaging and informative.,Positive
247,Study material is not provided on time More attention should be given to this issue.,Negative
248,Lectures are useful but more revision would be helpful This is acceptable but can be enhanced.,Neutral
249,Assignments are useful but their difficulty varies A little more practice would be beneficial.,Neutral
250,The course is informative and could include more industry examples This can be improved gradually.,Neutral
251,The course covers important topics but some areas feel less detailed A little more practice would be beneficial.,Neutral
252,Assignments are sometimes given without clear instructions Additional resources would help solve this problem.,Negative
253,"The subject is useful, although more case studies could be included.",Neutral
254,Some lectures are difficult to follow because explanations are unclear This affects the overall learning experience.,Negative
255,The lectures are too fast and difficult to understand This affects the overall learning experience.,Negative
256,The course has improved my technical knowledge This has been useful for my project work.,Positive
257,The timetable is not convenient for practical sessions Students need improvement in this area.,Negative
258,The course covers important topics but some areas feel less detailed This is acceptable but can be enhanced.,Neutral
259,"Teaching is okay, although more practical examples would help A little more practice would be beneficial.",Neutral
260,"Teaching is okay, although more practical examples would help A few changes could make it better.",Neutral
261,Regular activities make the classes interesting It helps us understand the subject better.,Positive
262,The laboratory sessions provide valuable practical knowledge The approach is very student friendly.,Positive
263,Practical sessions are informative and improve our understanding It helps us understand the subject better.,Positive
264,The classroom environment is positive and comfortable This has been useful for my project work.,Positive
265,The overall experience is satisfactory with some areas for improvement More examples would make it clearer.,Neutral
266,Assignments are sometimes given without clear instructions This should be addressed in future classes.,Negative
267,The course is satisfactory but some topics need more detail.,Neutral
268,"Faculty responds to questions, although response time can vary This can be improved gradually.",Neutral
269,The instructor is knowledgeable and explains topics simply The sessions are engaging and informative.,Positive
270,Practical sessions are informative and improve our understanding.,Positive
271,The classroom infrastructure needs improvement This should be addressed in future classes.,Negative
272,Teachers provide useful guidance for projects The sessions are engaging and informative.,Positive
273,The classroom sometimes becomes too noisy during lectures Better planning could improve the situation.,Negative
274,Teachers provide useful guidance for projects.,Positive
275,The classroom environment is acceptable but can be improved This is acceptable but can be enhanced.,Neutral
276,The course is satisfactory but some topics need more detail A little more practice would be beneficial.,Neutral
277,The laboratory is useful but additional equipment would improve practice.,Neutral
278,The classroom infrastructure needs improvement.,Negative
279,The internet connection in the laboratory is unreliable Students need improvement in this area.,Negative
280,The instructor gives helpful feedback on assignments This makes learning easier for students.,Positive
281,The course is satisfactory but some topics need more detail A little more practice would be beneficial.,Neutral
282,The classroom environment is acceptable but can be improved A few changes could make it better.,Neutral
283,There is not enough time for students to ask questions.,Negative
284,Assignments are sometimes given without clear instructions More attention should be given to this issue.,Negative
285,Examples used in lectures make difficult topics easier The sessions are engaging and informative.,Positive
286,Study material is not provided on time.,Negative
287,The course has too many assignments in a short period Students need improvement in this area.,Negative
288,Some important topics are covered too quickly Better planning could improve the situation.,Negative
289,Course resources are organized and easy to access The sessions are engaging and informative.,Positive
290,The course has too many assignments in a short period More attention should be given to this issue.,Negative
291,Laboratory equipment is not available properly The issue becomes noticeable during practical work.,Negative
292,Practical sessions are informative and improve our understanding I would recommend continuing this approach.,Positive
293,There is not enough time for students to ask questions.,Negative
294,The course has limited opportunities for industry exposure.,Negative
295,Study material is adequate but additional resources would help The overall situation is manageable.,Neutral
296,More revision sessions are needed before examinations This should be addressed in future classes.,Negative
297,The course is informative and could include more industry examples A few changes could make it better.,Neutral
298,The course has too many assignments in a short period This should be addressed in future classes.,Negative
299,The course covers important topics but some areas feel less detailed.,Neutral
300,The course has too many assignments in a short period Additional resources would help solve this problem.,Negative
301,The course meets expectations but could provide more hands-on activities This can be improved gradually.,Neutral
302,Students need more hands-on practice in the laboratory.,Negative
303,Lectures are useful but more revision would be helpful This can be improved gradually.,Neutral
304,The course schedule feels rushed near the end Additional resources would help solve this problem.,Negative
305,The classroom environment is acceptable but can be improved This can be improved gradually.,Neutral
306,Assignments are sometimes given without clear instructions More support would make the course better.,Negative
307,The laboratory sessions provide valuable practical knowledge I especially liked the practical examples.,Positive
308,Some important topics are covered too quickly This should be addressed in future classes.,Negative
309,Practical sessions are useful but could be longer.,Neutral
310,Course resources are organized and easy to access I especially liked the practical examples.,Positive
311,The instructor is knowledgeable and explains topics simply This makes learning easier for students.,Positive
312,The course structure is reasonable with a few areas to improve.,Neutral
313,The lectures are too fast and difficult to understand.,Negative
314,The teacher uses good examples to explain difficult topics It helps us understand the subject better.,Positive
315,Study material is adequate but additional resources would help.,Neutral
316,The course meets expectations but could provide more hands-on activities.,Neutral
317,"Faculty responds to questions, although response time can vary This can be improved gradually.",Neutral
318,Practical sessions are useful but could be longer.,Neutral
319,The course covers important topics but some areas feel less detailed This is acceptable but can be enhanced.,Neutral
320,Some classes start late and reduce learning time This affects the overall learning experience.,Negative
321,The instructor is helpful but more interactive activities could be added Students may benefit from some improvements.,Neutral
322,The overall experience is satisfactory with some areas for improvement A few changes could make it better.,Neutral
323,Some classes start late and reduce learning time More attention should be given to this issue.,Negative
324,The timetable is manageable but some classes are scheduled closely.,Neutral
325,"The subject is useful, although more case studies could be included.",Neutral
326,The practical demonstrations make the subject easier to understand.,Positive
327,The teacher uses good examples to explain difficult topics This has been useful for my project work.,Positive
328,The course has a good balance between theory and practical work This has been useful for my project work.,Positive
329,Classes are interactive and students can ask questions freely This makes learning easier for students.,Positive
330,Some topics are explained without enough practical examples.,Negative
331,Classes are generally fine but the pace varies by topic The overall situation is manageable.,Neutral
332,Teachers are approachable when students have doubts This makes learning easier for students.,Positive
333,Feedback on assignments is sometimes delayed The issue becomes noticeable during practical work.,Negative
334,The teaching quality is excellent and motivating This has been useful for my project work.,Positive
335,The overall experience is satisfactory with some areas for improvement.,Neutral
336,Faculty members are supportive and helpful during classes I especially liked the practical examples.,Positive
337,Study materials are useful and easy to understand I would recommend continuing this approach.,Positive
338,"The instructor explains well, although some lectures are lengthy.",Neutral
339,The teacher uses good examples to explain difficult topics This has been useful for my project work.,Positive
340,Projector and classroom equipment sometimes do not work Better planning could improve the situation.,Negative
341,The teacher uses good examples to explain difficult topics The approach is very student friendly.,Positive
342,The timetable is not convenient for practical sessions More attention should be given to this issue.,Negative
343,The classroom environment is positive and comfortable This makes learning easier for students.,Positive
344,The teaching quality is excellent and motivating.,Positive
345,The instructor gives helpful feedback on assignments This makes learning easier for students.,Positive
346,Regular activities make the classes interesting I especially liked the practical examples.,Positive
347,The instructor is helpful but more interactive activities could be added Students may benefit from some improvements.,Neutral
348,"Overall, I am satisfied with the teaching experience I especially liked the practical examples.",Positive
349,Feedback on assignments is sometimes delayed This affects the overall learning experience.,Negative
350,"Teaching is okay, although more practical examples would help Some additional support would be useful.",Neutral
351,The instructor gives helpful feedback on assignments This has been useful for my project work.,Positive
352,The instructor encourages teamwork and problem solving It helps us understand the subject better.,Positive
353,The internet connection in the laboratory is unreliable.,Negative
354,Some topics are explained without enough practical examples Students need improvement in this area.,Negative
355,"Overall, I am satisfied with the teaching experience The teaching method is effective.",Positive
356,Practical sessions are informative and improve our understanding.,Positive
357,The practical syllabus needs better planning More support would make the course better.,Negative
358,Practical sessions need better equipment and more time This should be addressed in future classes.,Negative
359,The classroom environment is positive and comfortable I would recommend continuing this approach.,Positive
360,The timetable is not convenient for practical sessions The issue becomes noticeable during practical work.,Negative
361,Some topics are explained without enough practical examples.,Negative
362,The course schedule feels rushed near the end This affects the overall learning experience.,Negative
363,The classroom sometimes becomes too noisy during lectures This should be addressed in future classes.,Negative
364,The instructor encourages teamwork and problem solving.,Positive
365,"The instructor explains well, although some lectures are lengthy The overall situation is manageable.",Neutral
366,The timetable is not convenient for practical sessions The issue becomes noticeable during practical work.,Negative
367,The classroom sometimes becomes too noisy during lectures More attention should be given to this issue.,Negative
368,Classes are generally fine but the pace varies by topic.,Neutral
369,More revision sessions are needed before examinations Better planning could improve the situation.,Negative
370,The classroom environment is positive and comfortable I especially liked the practical examples.,Positive
371,Study material is not provided on time The issue becomes noticeable during practical work.,Negative
372,"Overall, I am satisfied with the teaching experience.",Positive
373,The course needs better time management The issue becomes noticeable during practical work.,Negative
374,Some lectures are difficult to follow because explanations are unclear More attention should be given to this issue.,Negative
375,"Teaching is okay, although more practical examples would help.",Neutral
376,The course needs better time management Students need improvement in this area.,Negative
377,The classroom environment is positive and comfortable It helps us understand the subject better.,Positive
378,Examples used in lectures make difficult topics easier I would recommend continuing this approach.,Positive
379,The laboratory is useful but additional equipment would improve practice This is acceptable but can be enhanced.,Neutral
380,Feedback on assignments is sometimes delayed This affects the overall learning experience.,Negative
381,Faculty motivates students to learn new technical skills.,Positive
382,The course meets expectations but could provide more hands-on activities The overall situation is manageable.,Neutral
383,More real-world examples should be included Better planning could improve the situation.,Negative
384,"Faculty is helpful, but more doubt sessions would be useful A little more practice would be beneficial.",Neutral
385,Feedback on assignments is sometimes delayed This should be addressed in future classes.,Negative
386,The course is informative and could include more industry examples A little more practice would be beneficial.,Neutral
387,More revision sessions are needed before examinations.,Negative
388,The classroom sometimes becomes too noisy during lectures.,Negative
389,The teaching method is reasonable and could be more interactive Some additional support would be useful.,Neutral
390,Practical sessions are useful but could be longer More examples would make it clearer.,Neutral
391,The classroom environment is positive and comfortable.,Positive
392,The course content is useful and well structured I especially liked the practical examples.,Positive
393,The course is satisfactory but some topics need more detail Some additional support would be useful.,Neutral
394,The course structure is reasonable with a few areas to improve A little more practice would be beneficial.,Neutral
395,The classroom sometimes becomes too noisy during lectures.,Negative
396,The laboratory is useful but additional equipment would improve practice This can be improved gradually.,Neutral
397,The instructor gives helpful feedback on assignments The sessions are engaging and informative.,Positive
398,Students need more hands-on practice in the laboratory Additional resources would help solve this problem.,Negative
399,The classroom sometimes becomes too noisy during lectures.,Negative
400,The course needs better time management More support would make the course better.,Negative
401,"Faculty responds to questions, although response time can vary Students may benefit from some improvements.",Neutral
402,The laboratory sessions provide valuable practical knowledge I would recommend continuing this approach.,Positive
403,The teaching quality is excellent and motivating.,Positive
404,The course covers important topics but some areas feel less detailed.,Neutral
405,Faculty encourages students to participate in discussions.,Positive
406,Some important topics are covered too quickly This affects the overall learning experience.,Negative
407,The internet connection in the laboratory is unreliable Students need improvement in this area.,Negative
408,More revision sessions are needed before examinations Students need improvement in this area.,Negative
409,Teachers provide useful guidance for projects.,Positive
410,The course meets expectations but could provide more hands-on activities Students may benefit from some improvements.,Neutral
411,Examples used in lectures make difficult topics easier The sessions are engaging and informative.,Positive
412,The teaching quality is excellent and motivating This makes learning easier for students.,Positive
413,The course schedule feels rushed near the end Additional resources would help solve this problem.,Negative
414,Examples used in lectures make difficult topics easier.,Positive
415,The classroom infrastructure needs improvement.,Negative
416,The timetable is manageable but some classes are scheduled closely Students may benefit from some improvements.,Neutral
417,Practical sessions need better equipment and more time Additional resources would help solve this problem.,Negative
418,The instructor gives helpful feedback on assignments The approach is very student friendly.,Positive
419,The course is satisfactory but some topics need more detail Some additional support would be useful.,Neutral
420,Assignments are sometimes given without clear instructions.,Negative
421,The timetable is not convenient for practical sessions Additional resources would help solve this problem.,Negative
422,Practical sessions are useful but could be longer This is acceptable but can be enhanced.,Neutral
423,Laboratory equipment is not available properly Additional resources would help solve this problem.,Negative
424,The course content is useful and well structured I would recommend continuing this approach.,Positive
425,The course has limited opportunities for industry exposure.,Negative
426,The course has limited opportunities for industry exposure.,Negative
427,"Teaching is okay, although more practical examples would help.",Neutral
428,Teachers provide useful guidance for projects.,Positive
429,The classroom infrastructure needs improvement This should be addressed in future classes.,Negative
430,Projector and classroom equipment sometimes do not work The issue becomes noticeable during practical work.,Negative
431,The course meets expectations but could provide more hands-on activities.,Neutral
432,"The subject is useful, although more case studies could be included This can be improved gradually.",Neutral
433,The classroom sometimes becomes too noisy during lectures More attention should be given to this issue.,Negative
434,The lectures are too fast and difficult to understand Students need improvement in this area.,Negative
435,The classroom environment is acceptable but can be improved A few changes could make it better.,Neutral
436,Examples used in lectures make difficult topics easier The approach is very student friendly.,Positive
437,"The instructor explains well, although some lectures are lengthy Some additional support would be useful.",Neutral
438,Teachers provide useful guidance for projects The teaching method is effective.,Positive
439,Students need clearer instructions for projects Additional resources would help solve this problem.,Negative
440,Examples used in lectures make difficult topics easier I would recommend continuing this approach.,Positive
441,The laboratory sessions provide valuable practical knowledge.,Positive
442,The course structure is reasonable with a few areas to improve This is acceptable but can be enhanced.,Neutral
443,Assignments are sometimes given without clear instructions This affects the overall learning experience.,Negative
444,The laboratory sessions provide valuable practical knowledge The teaching method is effective.,Positive
445,The lectures are too fast and difficult to understand.,Negative
446,Students need more hands-on practice in the laboratory.,Negative
447,Students need clearer instructions for projects.,Negative
448,The course has a good balance between theory and practical work The teaching method is effective.,Positive
449,The instructor encourages teamwork and problem solving This has been useful for my project work.,Positive
450,The course structure is reasonable with a few areas to improve Students may benefit from some improvements.,Neutral
451,Practical sessions are useful but could be longer More examples would make it clearer.,Neutral
452,The timetable is manageable but some classes are scheduled closely A few changes could make it better.,Neutral
453,Teachers are approachable when students have doubts.,Positive
454,Teachers are approachable when students have doubts It helps us understand the subject better.,Positive
455,Practical sessions are informative and improve our understanding I would recommend continuing this approach.,Positive
456,Teachers are approachable when students have doubts I especially liked the practical examples.,Positive
457,Classes are generally fine but the pace varies by topic More examples would make it clearer.,Neutral
458,Some lectures are difficult to follow because explanations are unclear.,Negative
459,Some topics are explained without enough practical examples.,Negative
460,"The subject is useful, although more case studies could be included Students may benefit from some improvements.",Neutral
461,Some classes start late and reduce learning time Additional resources would help solve this problem.,Negative
462,Learning resources are acceptable but could be updated regularly A little more practice would be beneficial.,Neutral
463,"Faculty responds to questions, although response time can vary Students may benefit from some improvements.",Neutral
464,Faculty encourages students to participate in discussions This has been useful for my project work.,Positive
465,Some classes start late and reduce learning time.,Negative
466,The overall experience is satisfactory with some areas for improvement This can be improved gradually.,Neutral
467,The instructor encourages teamwork and problem solving The approach is very student friendly.,Positive
468,The teaching method is reasonable and could be more interactive Students may benefit from some improvements.,Neutral
469,Course content is good but the workload can be improved.,Neutral
470,The classroom environment is acceptable but can be improved.,Neutral
471,The internet connection in the laboratory is unreliable This affects the overall learning experience.,Negative
472,Classes are adequate and additional practice would be beneficial.,Neutral
473,More real-world examples should be included More attention should be given to this issue.,Negative
474,The instructor gives helpful feedback on assignments I would recommend continuing this approach.,Positive
475,Faculty encourages students to participate in discussions This has been useful for my project work.,Positive
476,Faculty members are supportive and helpful during classes.,Positive
477,Practical sessions need better equipment and more time.,Negative
478,Learning resources are acceptable but could be updated regularly More examples would make it clearer.,Neutral
479,The teaching quality is excellent and motivating I would recommend continuing this approach.,Positive
480,Classes are adequate and additional practice would be beneficial This can be improved gradually.,Neutral
481,The instructor gives helpful feedback on assignments I especially liked the practical examples.,Positive
482,The course is informative and could include more industry examples This can be improved gradually.,Neutral
483,Study materials are useful and easy to understand I especially liked the practical examples.,Positive
484,"Faculty is helpful, but more doubt sessions would be useful This is acceptable but can be enhanced.",Neutral
485,The course is informative and could include more industry examples A little more practice would be beneficial.,Neutral
486,Some lectures are difficult to follow because explanations are unclear Better planning could improve the situation.,Negative
487,The classroom sometimes becomes too noisy during lectures This should be addressed in future classes.,Negative
488,Feedback on assignments is sometimes delayed This should be addressed in future classes.,Negative
489,The classroom sometimes becomes too noisy during lectures The issue becomes noticeable during practical work.,Negative
490,Feedback on assignments is sometimes delayed More support would make the course better.,Negative
491,Students need clearer instructions for projects.,Negative
492,The classroom environment is acceptable but can be improved Some additional support would be useful.,Neutral
493,Study materials are useful and easy to understand The approach is very student friendly.,Positive
494,Projector and classroom equipment sometimes do not work Additional resources would help solve this problem.,Negative
495,The course has too many assignments in a short period More attention should be given to this issue.,Negative
496,"Faculty responds to questions, although response time can vary.",Neutral
497,The course content is useful and well structured The teaching method is effective.,Positive
498,The explanations are clear and the pace is comfortable.,Positive
499,More real-world examples should be included More support would make the course better.,Negative
500,Faculty motivates students to learn new technical skills.,Positive
501,The course provides useful knowledge but needs more project-based learning This is acceptable but can be enhanced.,Neutral
502,Regular activities make the classes interesting The teaching method is effective.,Positive
503,Projector and classroom equipment sometimes do not work This affects the overall learning experience.,Negative
504,The course provides useful knowledge but needs more project-based learning Students may benefit from some improvements.,Neutral
505,Faculty motivates students to learn new technical skills The teaching method is effective.,Positive
506,The practical syllabus needs better planning.,Negative
507,The teaching quality is excellent and motivating The teaching method is effective.,Positive
508,The classroom environment is positive and comfortable This has been useful for my project work.,Positive
509,More real-world examples should be included The issue becomes noticeable during practical work.,Negative
510,"The instructor explains well, although some lectures are lengthy The overall situation is manageable.",Neutral
511,"The instructor explains well, although some lectures are lengthy Some additional support would be useful.",Neutral
512,The course structure is reasonable with a few areas to improve.,Neutral
513,"Overall, I am satisfied with the teaching experience I would recommend continuing this approach.",Positive
514,Teachers are approachable when students have doubts The approach is very student friendly.,Positive
515,The lectures are too fast and difficult to understand Students need improvement in this area.,Negative
516,Assignments are sometimes given without clear instructions This affects the overall learning experience.,Negative
517,Some classes start late and reduce learning time This should be addressed in future classes.,Negative
518,The instructor encourages teamwork and problem solving I would recommend continuing this approach.,Positive
519,Classes are interactive and students can ask questions freely.,Positive
520,"Faculty is helpful, but more doubt sessions would be useful The overall situation is manageable.",Neutral
521,Teachers provide useful guidance for projects.,Positive
522,The instructor is knowledgeable and explains topics simply This makes learning easier for students.,Positive
523,The timetable is manageable but some classes are scheduled closely The overall situation is manageable.,Neutral
524,Some important topics are covered too quickly Additional resources would help solve this problem.,Negative
525,The teacher explains concepts clearly and answers questions patiently This has been useful for my project work.,Positive
526,Classes are adequate and additional practice would be beneficial A few changes could make it better.,Neutral
527,The course structure is reasonable with a few areas to improve This can be improved gradually.,Neutral
528,Regular activities make the classes interesting It helps us understand the subject better.,Positive
529,Some topics are explained without enough practical examples More attention should be given to this issue.,Negative
530,The course has improved my technical knowledge.,Positive
531,Faculty members are supportive and helpful during classes.,Positive
532,The timetable is manageable but some classes are scheduled closely The overall situation is manageable.,Neutral
533,Classes are adequate and additional practice would be beneficial.,Neutral
534,The classroom environment is positive and comfortable I would recommend continuing this approach.,Positive
535,The course has a good balance between theory and practical work.,Positive
536,The course provides useful knowledge but needs more project-based learning This is acceptable but can be enhanced.,Neutral
537,Study material is adequate but additional resources would help A few changes could make it better.,Neutral
538,More real-world examples should be included Better planning could improve the situation.,Negative
539,"Faculty responds to questions, although response time can vary.",Neutral
540,Lectures are useful but more revision would be helpful A few changes could make it better.,Neutral
541,Practical sessions are useful but could be longer Students may benefit from some improvements.,Neutral
542,"Faculty is helpful, but more doubt sessions would be useful Students may benefit from some improvements.",Neutral
543,Faculty motivates students to learn new technical skills.,Positive
544,Some topics are explained without enough practical examples.,Negative
545,Some important topics are covered too quickly This affects the overall learning experience.,Negative
546,Examples used in lectures make difficult topics easier The approach is very student friendly.,Positive
547,The teaching quality is excellent and motivating This has been useful for my project work.,Positive
548,Faculty encourages students to participate in discussions This has been useful for my project work.,Positive
549,The laboratory sessions provide valuable practical knowledge I would recommend continuing this approach.,Positive
550,Practical sessions need better equipment and more time.,Negative
551,Teachers provide useful guidance for projects.,Positive
552,The classroom environment is positive and comfortable.,Positive
553,The instructor is helpful but more interactive activities could be added More examples would make it clearer.,Neutral
554,There is not enough time for students to ask questions.,Negative
555,Teachers provide useful guidance for projects The approach is very student friendly.,Positive
556,The teaching method is reasonable and could be more interactive The overall situation is manageable.,Neutral
557,Students need more hands-on practice in the laboratory More support would make the course better.,Negative
558,The laboratory is useful but additional equipment would improve practice.,Neutral
559,The laboratory sessions provide valuable practical knowledge.,Positive
560,The course is informative and could include more industry examples The overall situation is manageable.,Neutral
561,Study material is adequate but additional resources would help.,Neutral
562,"Overall, I am satisfied with the teaching experience I especially liked the practical examples.",Positive
563,Faculty motivates students to learn new technical skills The approach is very student friendly.,Positive
564,Practical sessions are useful but could be longer Some additional support would be useful.,Neutral
565,The course has too many assignments in a short period The issue becomes noticeable during practical work.,Negative
566,The teacher explains concepts clearly and answers questions patiently This has been useful for my project work.,Positive
567,Regular activities make the classes interesting This has been useful for my project work.,Positive
568,Students need clearer instructions for projects Students need improvement in this area.,Negative
569,The laboratory is useful but additional equipment would improve practice.,Neutral
570,The course provides useful knowledge but needs more project-based learning This is acceptable but can be enhanced.,Neutral
571,The course provides useful knowledge but needs more project-based learning This can be improved gradually.,Neutral
572,Study material is adequate but additional resources would help This is acceptable but can be enhanced.,Neutral
573,"The instructor explains well, although some lectures are lengthy This is acceptable but can be enhanced.",Neutral
574,Projector and classroom equipment sometimes do not work The issue becomes noticeable during practical work.,Negative
575,Study material is not provided on time Students need improvement in this area.,Negative
576,Faculty members are supportive and helpful during classes The approach is very student friendly.,Positive
577,Faculty members are supportive and helpful during classes I especially liked the practical examples.,Positive
578,The teaching quality is excellent and motivating I would recommend continuing this approach.,Positive
579,The teaching method is reasonable and could be more interactive Students may benefit from some improvements.,Neutral
580,The course schedule feels rushed near the end.,Negative
581,"The instructor explains well, although some lectures are lengthy.",Neutral
582,Teachers are approachable when students have doubts This has been useful for my project work.,Positive
583,More real-world examples should be included.,Negative
584,The course has too many assignments in a short period More support would make the course better.,Negative
585,Assignments are sometimes given without clear instructions This affects the overall learning experience.,Negative
586,Course content is good but the workload can be improved This is acceptable but can be enhanced.,Neutral
587,The teaching method is reasonable and could be more interactive More examples would make it clearer.,Neutral
588,The teaching quality is excellent and motivating This makes learning easier for students.,Positive
589,Faculty encourages students to participate in discussions.,Positive
590,The course has a good balance between theory and practical work I would recommend continuing this approach.,Positive
591,Assignments are sometimes given without clear instructions.,Negative
592,Study material is not provided on time This affects the overall learning experience.,Negative
593,Course resources are organized and easy to access The approach is very student friendly.,Positive
594,The teaching quality is excellent and motivating I would recommend continuing this approach.,Positive
595,Classes are generally fine but the pace varies by topic More examples would make it clearer.,Neutral
596,The course covers important topics but some areas feel less detailed More examples would make it clearer.,Neutral
597,Classes are generally fine but the pace varies by topic.,Neutral
598,The course needs better time management Better planning could improve the situation.,Negative
599,The internet connection in the laboratory is unreliable More attention should be given to this issue.,Negative
600,The course is informative and could include more industry examples.,Neutral
601,Students need more hands-on practice in the laboratory.,Negative
602,The teaching quality is excellent and motivating.,Positive
603,Students need clearer instructions for projects Additional resources would help solve this problem.,Negative
604,The course provides useful knowledge but needs more project-based learning A little more practice would be beneficial.,Neutral
605,Classes are interactive and students can ask questions freely This makes learning easier for students.,Positive
606,The teacher explains concepts clearly and answers questions patiently The teaching method is effective.,Positive
607,Practical sessions are useful but could be longer Some additional support would be useful.,Neutral
608,The lectures are too fast and difficult to understand This affects the overall learning experience.,Negative
609,The instructor gives helpful feedback on assignments I especially liked the practical examples.,Positive
610,The classroom environment is positive and comfortable This has been useful for my project work.,Positive
611,The instructor is knowledgeable and explains topics simply This makes learning easier for students.,Positive
612,Course resources are organized and easy to access The approach is very student friendly.,Positive
613,Course resources are organized and easy to access This has been useful for my project work.,Positive
614,Faculty members are supportive and helpful during classes This has been useful for my project work.,Positive
615,The instructor is helpful but more interactive activities could be added Some additional support would be useful.,Neutral
616,The course has improved my technical knowledge The approach is very student friendly.,Positive
617,The course is informative and could include more industry examples.,Neutral
618,Faculty motivates students to learn new technical skills.,Positive
619,The course has improved my technical knowledge.,Positive
620,"The instructor explains well, although some lectures are lengthy.",Neutral
621,The instructor is knowledgeable and explains topics simply It helps us understand the subject better.,Positive
622,The course meets expectations but could provide more hands-on activities This can be improved gradually.,Neutral
623,The classroom environment is acceptable but can be improved A little more practice would be beneficial.,Neutral
624,The laboratory sessions provide valuable practical knowledge.,Positive
625,Assignments are sometimes given without clear instructions More attention should be given to this issue.,Negative
626,More revision sessions are needed before examinations.,Negative
627,The instructor is helpful but more interactive activities could be added Students may benefit from some improvements.,Neutral
628,More revision sessions are needed before examinations Students need improvement in this area.,Negative
629,The laboratory sessions provide valuable practical knowledge The sessions are engaging and informative.,Positive
630,The instructor gives helpful feedback on assignments The approach is very student friendly.,Positive
631,"Faculty is helpful, but more doubt sessions would be useful.",Neutral
632,Practical sessions are informative and improve our understanding.,Positive
633,Projector and classroom equipment sometimes do not work This affects the overall learning experience.,Negative
634,The instructor is helpful but more interactive activities could be added This can be improved gradually.,Neutral
635,The course is satisfactory but some topics need more detail A few changes could make it better.,Neutral
636,More revision sessions are needed before examinations.,Negative
637,The classroom environment is acceptable but can be improved Some additional support would be useful.,Neutral
638,The course structure is reasonable with a few areas to improve The overall situation is manageable.,Neutral
639,Learning resources are acceptable but could be updated regularly.,Neutral
640,The timetable is manageable but some classes are scheduled closely A little more practice would be beneficial.,Neutral
641,The teaching method is reasonable and could be more interactive Some additional support would be useful.,Neutral
642,Regular activities make the classes interesting I would recommend continuing this approach.,Positive
643,The course structure is reasonable with a few areas to improve A little more practice would be beneficial.,Neutral
644,"Faculty responds to questions, although response time can vary A little more practice would be beneficial.",Neutral
645,Classes are interactive and students can ask questions freely This makes learning easier for students.,Positive
646,"The instructor explains well, although some lectures are lengthy The overall situation is manageable.",Neutral
647,The course covers important topics but some areas feel less detailed Students may benefit from some improvements.,Neutral
648,Teachers provide useful guidance for projects The approach is very student friendly.,Positive
649,"The subject is useful, although more case studies could be included More examples would make it clearer.",Neutral
650,The classroom sometimes becomes too noisy during lectures More attention should be given to this issue.,Negative
651,Teachers provide useful guidance for projects The sessions are engaging and informative.,Positive
652,The instructor is helpful but more interactive activities could be added This is acceptable but can be enhanced.,Neutral
653,The classroom sometimes becomes too noisy during lectures This should be addressed in future classes.,Negative
654,The timetable is not convenient for practical sessions This should be addressed in future classes.,Negative
655,Classes are adequate and additional practice would be beneficial.,Neutral
656,Regular activities make the classes interesting I especially liked the practical examples.,Positive
657,The classroom infrastructure needs improvement.,Negative
658,The instructor is helpful but more interactive activities could be added A little more practice would be beneficial.,Neutral
659,The timetable is not convenient for practical sessions The issue becomes noticeable during practical work.,Negative
660,Some topics are explained without enough practical examples More attention should be given to this issue.,Negative
661,The teacher uses good examples to explain difficult topics.,Positive
662,"The subject is useful, although more case studies could be included This is acceptable but can be enhanced.",Neutral
663,"Faculty responds to questions, although response time can vary.",Neutral
664,Some classes start late and reduce learning time More attention should be given to this issue.,Negative
665,Examples used in lectures make difficult topics easier The approach is very student friendly.,Positive
666,Assignments are sometimes given without clear instructions Students need improvement in this area.,Negative
667,The timetable is manageable but some classes are scheduled closely.,Neutral
668,The timetable is manageable but some classes are scheduled closely The overall situation is manageable.,Neutral
669,The teacher uses good examples to explain difficult topics This makes learning easier for students.,Positive
670,The teacher explains concepts clearly and answers questions patiently It helps us understand the subject better.,Positive
671,Some topics are explained without enough practical examples Better planning could improve the situation.,Negative
672,Laboratory equipment is not available properly This should be addressed in future classes.,Negative
673,Some topics are explained without enough practical examples Students need improvement in this area.,Negative
674,Lectures are useful but more revision would be helpful A few changes could make it better.,Neutral
675,Students need more hands-on practice in the laboratory.,Negative
676,Practical sessions are useful but could be longer The overall situation is manageable.,Neutral
677,The classroom environment is positive and comfortable.,Positive
678,Assignments are useful but their difficulty varies More examples would make it clearer.,Neutral
679,"The subject is useful, although more case studies could be included A few changes could make it better.",Neutral
680,Feedback on assignments is sometimes delayed Additional resources would help solve this problem.,Negative
681,Feedback on assignments is sometimes delayed More attention should be given to this issue.,Negative
682,The instructor encourages teamwork and problem solving.,Positive
683,Feedback on assignments is sometimes delayed.,Negative
684,Teachers are approachable when students have doubts It helps us understand the subject better.,Positive
685,Study material is adequate but additional resources would help Some additional support would be useful.,Neutral
686,The instructor is knowledgeable and explains topics simply.,Positive
687,The course has a good balance between theory and practical work.,Positive
688,The course structure is reasonable with a few areas to improve Students may benefit from some improvements.,Neutral
689,Course content is good but the workload can be improved.,Neutral
690,The lectures are too fast and difficult to understand This affects the overall learning experience.,Negative
691,The classroom infrastructure needs improvement This should be addressed in future classes.,Negative
692,The explanations are clear and the pace is comfortable This makes learning easier for students.,Positive
693,The instructor encourages teamwork and problem solving.,Positive
694,Study materials are useful and easy to understand The teaching method is effective.,Positive
695,Classes are adequate and additional practice would be beneficial.,Neutral
696,The practical demonstrations make the subject easier to understand The teaching method is effective.,Positive
697,Assignments are sometimes given without clear instructions.,Negative
698,The timetable is not convenient for practical sessions More attention should be given to this issue.,Negative
699,Lectures are useful but more revision would be helpful This is acceptable but can be enhanced.,Neutral
700,Some classes start late and reduce learning time More support would make the course better.,Negative
701,Examples used in lectures make difficult topics easier The approach is very student friendly.,Positive
702,Course content is good but the workload can be improved A little more practice would be beneficial.,Neutral
703,Teachers provide useful guidance for projects.,Positive
704,Practical sessions need better equipment and more time Students need improvement in this area.,Negative
705,The instructor is knowledgeable and explains topics simply.,Positive
706,Practical sessions are useful but could be longer A few changes could make it better.,Neutral
707,Teachers are approachable when students have doubts The teaching method is effective.,Positive
708,Feedback on assignments is sometimes delayed This affects the overall learning experience.,Negative
709,The course has too many assignments in a short period The issue becomes noticeable during practical work.,Negative
710,The course has too many assignments in a short period This should be addressed in future classes.,Negative
711,Faculty encourages students to participate in discussions This has been useful for my project work.,Positive
712,There is not enough time for students to ask questions More support would make the course better.,Negative
713,The course is informative and could include more industry examples Students may benefit from some improvements.,Neutral
714,Course content is good but the workload can be improved.,Neutral
715,Study materials are useful and easy to understand.,Positive
716,The course has a good balance between theory and practical work I would recommend continuing this approach.,Positive
717,Assignments are useful but their difficulty varies Students may benefit from some improvements.,Neutral
718,The practical syllabus needs better planning The issue becomes noticeable during practical work.,Negative
719,The explanations are clear and the pace is comfortable The approach is very student friendly.,Positive
720,Practical sessions need better equipment and more time This should be addressed in future classes.,Negative
721,Feedback on assignments is sometimes delayed Additional resources would help solve this problem.,Negative
722,The course has improved my technical knowledge.,Positive
723,The classroom environment is positive and comfortable I especially liked the practical examples.,Positive
724,The lectures are too fast and difficult to understand Additional resources would help solve this problem.,Negative
725,The teacher explains concepts clearly and answers questions patiently I would recommend continuing this approach.,Positive
726,The course covers important topics but some areas feel less detailed A few changes could make it better.,Neutral
727,The course has improved my technical knowledge This has been useful for my project work.,Positive
728,The course is informative and could include more industry examples.,Neutral
729,"Faculty is helpful, but more doubt sessions would be useful More examples would make it clearer.",Neutral
730,Classes are generally fine but the pace varies by topic.,Neutral
731,Some classes start late and reduce learning time More attention should be given to this issue.,Negative
732,The teacher explains concepts clearly and answers questions patiently.,Positive
733,Faculty members are supportive and helpful during classes I especially liked the practical examples.,Positive
734,The instructor is helpful but more interactive activities could be added.,Neutral
735,The classroom environment is positive and comfortable.,Positive
736,The classroom environment is positive and comfortable.,Positive
737,The course has limited opportunities for industry exposure Students need improvement in this area.,Negative
738,The course provides useful knowledge but needs more project-based learning Some additional support would be useful.,Neutral
739,The course has limited opportunities for industry exposure This affects the overall learning experience.,Negative
740,The teaching method is reasonable and could be more interactive Some additional support would be useful.,Neutral
741,Practical sessions are informative and improve our understanding It helps us understand the subject better.,Positive
742,"The instructor explains well, although some lectures are lengthy This can be improved gradually.",Neutral
743,Some classes start late and reduce learning time More support would make the course better.,Negative
744,The course has limited opportunities for industry exposure More attention should be given to this issue.,Negative
745,The course meets expectations but could provide more hands-on activities.,Neutral
746,The timetable is not convenient for practical sessions More attention should be given to this issue.,Negative
747,The course covers important topics but some areas feel less detailed A little more practice would be beneficial.,Neutral
748,"Faculty is helpful, but more doubt sessions would be useful.",Neutral
749,The laboratory is useful but additional equipment would improve practice This is acceptable but can be enhanced.,Neutral
750,The course meets expectations but could provide more hands-on activities Students may benefit from some improvements.,Neutral
751,Feedback on assignments is sometimes delayed.,Negative
752,The course has improved my technical knowledge.,Positive
753,Teachers provide useful guidance for projects I especially liked the practical examples.,Positive
754,The practical demonstrations make the subject easier to understand The teaching method is effective.,Positive
755,Some lectures are difficult to follow because explanations are unclear This should be addressed in future classes.,Negative
756,Practical sessions need better equipment and more time This affects the overall learning experience.,Negative
757,The lectures are too fast and difficult to understand Better planning could improve the situation.,Negative
758,The course covers important topics but some areas feel less detailed This can be improved gradually.,Neutral
759,The teacher uses good examples to explain difficult topics.,Positive
760,The course meets expectations but could provide more hands-on activities This is acceptable but can be enhanced.,Neutral
761,The course content is useful and well structured.,Positive
762,The course has improved my technical knowledge The teaching method is effective.,Positive
763,The course has improved my technical knowledge The sessions are engaging and informative.,Positive
764,The instructor encourages teamwork and problem solving The teaching method is effective.,Positive
765,Some classes start late and reduce learning time Better planning could improve the situation.,Negative
766,Course resources are organized and easy to access The teaching method is effective.,Positive
767,Practical sessions are informative and improve our understanding I would recommend continuing this approach.,Positive
768,The course has improved my technical knowledge.,Positive
769,Faculty motivates students to learn new technical skills.,Positive
770,The internet connection in the laboratory is unreliable.,Negative
771,Study material is adequate but additional resources would help This is acceptable but can be enhanced.,Neutral
772,Course content is good but the workload can be improved.,Neutral
773,Study material is adequate but additional resources would help Some additional support would be useful.,Neutral
774,Some lectures are difficult to follow because explanations are unclear This should be addressed in future classes.,Negative
775,The lectures are too fast and difficult to understand The issue becomes noticeable during practical work.,Negative
776,Learning resources are acceptable but could be updated regularly Some additional support would be useful.,Neutral
777,More real-world examples should be included More attention should be given to this issue.,Negative
778,More real-world examples should be included.,Negative
779,Teachers provide useful guidance for projects.,Positive
780,More real-world examples should be included The issue becomes noticeable during practical work.,Negative
781,Projector and classroom equipment sometimes do not work.,Negative
782,The explanations are clear and the pace is comfortable The approach is very student friendly.,Positive
783,The course has improved my technical knowledge The approach is very student friendly.,Positive
784,The laboratory is useful but additional equipment would improve practice Students may benefit from some improvements.,Neutral
785,Teachers provide useful guidance for projects.,Positive
786,Some lectures are difficult to follow because explanations are unclear.,Negative
787,The instructor encourages teamwork and problem solving.,Positive
788,The course content is useful and well structured The teaching method is effective.,Positive
789,The course covers important topics but some areas feel less detailed A few changes could make it better.,Neutral
790,Faculty encourages students to participate in discussions The sessions are engaging and informative.,Positive
791,Regular activities make the classes interesting I would recommend continuing this approach.,Positive
792,Practical sessions need better equipment and more time Students need improvement in this area.,Negative
793,The internet connection in the laboratory is unreliable Additional resources would help solve this problem.,Negative
794,The course schedule feels rushed near the end Additional resources would help solve this problem.,Negative
795,The laboratory sessions provide valuable practical knowledge I would recommend continuing this approach.,Positive
796,Projector and classroom equipment sometimes do not work The issue becomes noticeable during practical work.,Negative
797,The instructor is helpful but more interactive activities could be added.,Neutral
798,Faculty motivates students to learn new technical skills The sessions are engaging and informative.,Positive
799,The explanations are clear and the pace is comfortable It helps us understand the subject better.,Positive
800,The course schedule feels rushed near the end The issue becomes noticeable during practical work.,Negative
801,The classroom environment is positive and comfortable It helps us understand the subject better.,Positive
802,The course schedule feels rushed near the end Additional resources would help solve this problem.,Negative
803,Some topics are explained without enough practical examples Students need improvement in this area.,Negative
804,The practical demonstrations make the subject easier to understand The approach is very student friendly.,Positive
805,Classes are interactive and students can ask questions freely The teaching method is effective.,Positive
806,The instructor encourages teamwork and problem solving The approach is very student friendly.,Positive
807,The course is satisfactory but some topics need more detail A little more practice would be beneficial.,Neutral
808,Classes are generally fine but the pace varies by topic This is acceptable but can be enhanced.,Neutral
809,Regular activities make the classes interesting I would recommend continuing this approach.,Positive
810,Some lectures are difficult to follow because explanations are unclear Students need improvement in this area.,Negative
811,The course is informative and could include more industry examples A little more practice would be beneficial.,Neutral
812,The teaching method is reasonable and could be more interactive Students may benefit from some improvements.,Neutral
813,The course has limited opportunities for industry exposure This affects the overall learning experience.,Negative
814,Teachers provide useful guidance for projects The teaching method is effective.,Positive
815,The laboratory is useful but additional equipment would improve practice The overall situation is manageable.,Neutral
816,Some topics are explained without enough practical examples.,Negative
817,The course content is useful and well structured.,Positive
818,The instructor is helpful but more interactive activities could be added Some additional support would be useful.,Neutral
819,Students need clearer instructions for projects Additional resources would help solve this problem.,Negative
820,Course content is good but the workload can be improved.,Neutral
821,The lectures are too fast and difficult to understand.,Negative
822,The course structure is reasonable with a few areas to improve Students may benefit from some improvements.,Neutral
823,The classroom infrastructure needs improvement More attention should be given to this issue.,Negative
824,More revision sessions are needed before examinations.,Negative
825,The course has too many assignments in a short period.,Negative
826,The instructor encourages teamwork and problem solving The teaching method is effective.,Positive
827,The course is satisfactory but some topics need more detail.,Neutral
828,"The subject is useful, although more case studies could be included Some additional support would be useful.",Neutral
829,"Faculty responds to questions, although response time can vary This can be improved gradually.",Neutral
830,"Faculty responds to questions, although response time can vary A little more practice would be beneficial.",Neutral
831,Faculty members are supportive and helpful during classes The sessions are engaging and informative.,Positive
832,The practical demonstrations make the subject easier to understand I would recommend continuing this approach.,Positive
833,Assignments are useful but their difficulty varies More examples would make it clearer.,Neutral
834,The teacher explains concepts clearly and answers questions patiently.,Positive
835,Study materials are useful and easy to understand The sessions are engaging and informative.,Positive
836,The timetable is manageable but some classes are scheduled closely.,Neutral
837,The laboratory is useful but additional equipment would improve practice A little more practice would be beneficial.,Neutral
838,The laboratory sessions provide valuable practical knowledge This has been useful for my project work.,Positive
839,"The instructor explains well, although some lectures are lengthy.",Neutral
840,The course has a good balance between theory and practical work The teaching method is effective.,Positive
841,The classroom infrastructure needs improvement This should be addressed in future classes.,Negative
842,The explanations are clear and the pace is comfortable.,Positive
843,Laboratory equipment is not available properly More support would make the course better.,Negative
844,Learning resources are acceptable but could be updated regularly.,Neutral
845,Students need clearer instructions for projects This should be addressed in future classes.,Negative
846,Students need more hands-on practice in the laboratory Students need improvement in this area.,Negative
847,The laboratory is useful but additional equipment would improve practice A little more practice would be beneficial.,Neutral
848,More real-world examples should be included The issue becomes noticeable during practical work.,Negative
849,The classroom environment is acceptable but can be improved.,Neutral
850,Assignments are useful but their difficulty varies.,Neutral
851,The course has a good balance between theory and practical work The sessions are engaging and informative.,Positive
852,The course needs better time management Better planning could improve the situation.,Negative
853,Assignments are useful but their difficulty varies This is acceptable but can be enhanced.,Neutral
854,The explanations are clear and the pace is comfortable The approach is very student friendly.,Positive
855,Course content is good but the workload can be improved A few changes could make it better.,Neutral
856,Practical sessions are informative and improve our understanding.,Positive
857,The course provides useful knowledge but needs more project-based learning This is acceptable but can be enhanced.,Neutral
858,The classroom infrastructure needs improvement.,Negative
859,The timetable is not convenient for practical sessions The issue becomes noticeable during practical work.,Negative
860,The classroom environment is acceptable but can be improved A little more practice would be beneficial.,Neutral
861,The course has limited opportunities for industry exposure.,Negative
862,"Overall, I am satisfied with the teaching experience.",Positive
863,Lectures are useful but more revision would be helpful A few changes could make it better.,Neutral
864,"The instructor explains well, although some lectures are lengthy Some additional support would be useful.",Neutral
865,"The instructor explains well, although some lectures are lengthy.",Neutral
866,Students need more hands-on practice in the laboratory Additional resources would help solve this problem.,Negative
867,The timetable is manageable but some classes are scheduled closely More examples would make it clearer.,Neutral
868,Teachers are approachable when students have doubts It helps us understand the subject better.,Positive
869,The timetable is not convenient for practical sessions More attention should be given to this issue.,Negative
870,Course resources are organized and easy to access The approach is very student friendly.,Positive
871,The course has improved my technical knowledge This has been useful for my project work.,Positive
872,Study material is adequate but additional resources would help.,Neutral
873,The course has too many assignments in a short period Students need improvement in this area.,Negative
874,Classes are interactive and students can ask questions freely This has been useful for my project work.,Positive
875,The classroom infrastructure needs improvement.,Negative
876,Projector and classroom equipment sometimes do not work This affects the overall learning experience.,Negative
877,The course content is useful and well structured This makes learning easier for students.,Positive
878,Students need more hands-on practice in the laboratory More attention should be given to this issue.,Negative
879,Some topics are explained without enough practical examples.,Negative
880,Faculty motivates students to learn new technical skills The approach is very student friendly.,Positive
881,The course has improved my technical knowledge I especially liked the practical examples.,Positive
882,"The subject is useful, although more case studies could be included This is acceptable but can be enhanced.",Neutral
883,The course has improved my technical knowledge I especially liked the practical examples.,Positive
884,The course has a good balance between theory and practical work The sessions are engaging and informative.,Positive
885,The instructor is knowledgeable and explains topics simply.,Positive
886,The teacher uses good examples to explain difficult topics I especially liked the practical examples.,Positive
887,Some lectures are difficult to follow because explanations are unclear Additional resources would help solve this problem.,Negative
888,The instructor is helpful but more interactive activities could be added A few changes could make it better.,Neutral
889,"Faculty responds to questions, although response time can vary This is acceptable but can be enhanced.",Neutral
890,Practical sessions are informative and improve our understanding The sessions are engaging and informative.,Positive
891,The teaching quality is excellent and motivating.,Positive
892,The course has improved my technical knowledge.,Positive
893,Practical sessions need better equipment and more time.,Negative
894,Some classes start late and reduce learning time This affects the overall learning experience.,Negative
895,The classroom sometimes becomes too noisy during lectures More support would make the course better.,Negative
896,Course content is good but the workload can be improved Some additional support would be useful.,Neutral
897,Laboratory equipment is not available properly The issue becomes noticeable during practical work.,Negative
898,"Faculty is helpful, but more doubt sessions would be useful.",Neutral
899,Some classes start late and reduce learning time More attention should be given to this issue.,Negative
900,Classes are adequate and additional practice would be beneficial This is acceptable but can be enhanced.,Neutral
901,The course has too many assignments in a short period The issue becomes noticeable during practical work.,Negative
902,The course has improved my technical knowledge The sessions are engaging and informative.,Positive
903,Laboratory equipment is not available properly.,Negative
904,"The instructor explains well, although some lectures are lengthy A few changes could make it better.",Neutral
905,Study material is adequate but additional resources would help Some additional support would be useful.,Neutral
906,The lectures are too fast and difficult to understand This affects the overall learning experience.,Negative
907,The explanations are clear and the pace is comfortable I especially liked the practical examples.,Positive
908,The course schedule feels rushed near the end More attention should be given to this issue.,Negative
909,The course is satisfactory but some topics need more detail A little more practice would be beneficial.,Neutral
910,Teachers are approachable when students have doubts This has been useful for my project work.,Positive
911,Some lectures are difficult to follow because explanations are unclear More support would make the course better.,Negative
912,The classroom environment is positive and comfortable This makes learning easier for students.,Positive
913,The teacher uses good examples to explain difficult topics I especially liked the practical examples.,Positive
914,The course has improved my technical knowledge This has been useful for my project work.,Positive
915,The lectures are too fast and difficult to understand More support would make the course better.,Negative
916,Some classes start late and reduce learning time.,Negative
917,Assignments are useful but their difficulty varies Some additional support would be useful.,Neutral
918,Assignments are sometimes given without clear instructions This affects the overall learning experience.,Negative
919,The practical demonstrations make the subject easier to understand This has been useful for my project work.,Positive
920,Regular activities make the classes interesting.,Positive
921,The teacher uses good examples to explain difficult topics.,Positive
922,"The subject is useful, although more case studies could be included A few changes could make it better.",Neutral
923,Laboratory equipment is not available properly More support would make the course better.,Negative
924,Learning resources are acceptable but could be updated regularly.,Neutral
925,Faculty motivates students to learn new technical skills This makes learning easier for students.,Positive
926,Some lectures are difficult to follow because explanations are unclear This should be addressed in future classes.,Negative
927,"Faculty responds to questions, although response time can vary This is acceptable but can be enhanced.",Neutral
928,"Teaching is okay, although more practical examples would help This is acceptable but can be enhanced.",Neutral
929,The lectures are too fast and difficult to understand More attention should be given to this issue.,Negative
930,The internet connection in the laboratory is unreliable This affects the overall learning experience.,Negative
931,Assignments are useful but their difficulty varies.,Neutral
932,The course structure is reasonable with a few areas to improve More examples would make it clearer.,Neutral
933,The course structure is reasonable with a few areas to improve This is acceptable but can be enhanced.,Neutral
934,The course content is useful and well structured It helps us understand the subject better.,Positive
935,The teaching method is reasonable and could be more interactive This is acceptable but can be enhanced.,Neutral
936,Learning resources are acceptable but could be updated regularly The overall situation is manageable.,Neutral
937,Assignments are sometimes given without clear instructions More attention should be given to this issue.,Negative
938,The explanations are clear and the pace is comfortable The teaching method is effective.,Positive
939,Faculty motivates students to learn new technical skills This makes learning easier for students.,Positive
940,The teaching method is reasonable and could be more interactive Students may benefit from some improvements.,Neutral
941,Assignments are sometimes given without clear instructions.,Negative
942,The lectures are too fast and difficult to understand The issue becomes noticeable during practical work.,Negative
943,Classes are interactive and students can ask questions freely I especially liked the practical examples.,Positive
944,"The instructor explains well, although some lectures are lengthy A little more practice would be beneficial.",Neutral
945,Some lectures are difficult to follow because explanations are unclear.,Negative
946,The course needs better time management More attention should be given to this issue.,Negative
947,The teacher explains concepts clearly and answers questions patiently I would recommend continuing this approach.,Positive
948,Assignments are useful but their difficulty varies A little more practice would be beneficial.,Neutral
949,"Overall, I am satisfied with the teaching experience This makes learning easier for students.",Positive
950,The laboratory sessions provide valuable practical knowledge I would recommend continuing this approach.,Positive
951,"The instructor explains well, although some lectures are lengthy This is acceptable but can be enhanced.",Neutral
952,Practical sessions need better equipment and more time Better planning could improve the situation.,Negative
953,Learning resources are acceptable but could be updated regularly More examples would make it clearer.,Neutral
954,The classroom infrastructure needs improvement.,Negative
955,The practical syllabus needs better planning Better planning could improve the situation.,Negative
956,Regular activities make the classes interesting.,Positive
957,The internet connection in the laboratory is unreliable Students need improvement in this area.,Negative
958,More revision sessions are needed before examinations Better planning could improve the situation.,Negative
959,"Faculty responds to questions, although response time can vary.",Neutral
960,"The instructor explains well, although some lectures are lengthy More examples would make it clearer.",Neutral
961,Study material is not provided on time More support would make the course better.,Negative
962,Study material is not provided on time This should be addressed in future classes.,Negative
963,The instructor is helpful but more interactive activities could be added A little more practice would be beneficial.,Neutral
964,Study material is not provided on time Additional resources would help solve this problem.,Negative
965,Students need clearer instructions for projects This affects the overall learning experience.,Negative
966,The teaching quality is excellent and motivating It helps us understand the subject better.,Positive
967,Students need clearer instructions for projects Better planning could improve the situation.,Negative
968,There is not enough time for students to ask questions Students need improvement in this area.,Negative
969,The course has too many assignments in a short period.,Negative
970,The explanations are clear and the pace is comfortable.,Positive
971,The teaching method is reasonable and could be more interactive More examples would make it clearer.,Neutral
972,The lectures are too fast and difficult to understand More support would make the course better.,Negative
973,The course has a good balance between theory and practical work I would recommend continuing this approach.,Positive
974,"The instructor explains well, although some lectures are lengthy More examples would make it clearer.",Neutral
975,The instructor is helpful but more interactive activities could be added This is acceptable but can be enhanced.,Neutral
976,Teachers are approachable when students have doubts.,Positive
977,The practical demonstrations make the subject easier to understand.,Positive
978,Practical sessions are informative and improve our understanding The teaching method is effective.,Positive
979,The teaching method is reasonable and could be more interactive A few changes could make it better.,Neutral
980,The instructor encourages teamwork and problem solving I would recommend continuing this approach.,Positive
981,The instructor gives helpful feedback on assignments.,Positive
982,The overall experience is satisfactory with some areas for improvement Some additional support would be useful.,Neutral
983,Feedback on assignments is sometimes delayed This should be addressed in future classes.,Negative
984,The course provides useful knowledge but needs more project-based learning The overall situation is manageable.,Neutral
985,Classes are interactive and students can ask questions freely The sessions are engaging and informative.,Positive
986,Laboratory equipment is not available properly Better planning could improve the situation.,Negative
987,"The instructor explains well, although some lectures are lengthy.",Neutral
988,Practical sessions are informative and improve our understanding.,Positive
989,The course schedule feels rushed near the end The issue becomes noticeable during practical work.,Negative
990,"Overall, I am satisfied with the teaching experience This makes learning easier for students.",Positive
991,The practical demonstrations make the subject easier to understand It helps us understand the subject better.,Positive
992,The lectures are too fast and difficult to understand.,Negative
993,"The instructor explains well, although some lectures are lengthy Students may benefit from some improvements.",Neutral
994,Classes are adequate and additional practice would be beneficial The overall situation is manageable.,Neutral
995,The teacher explains concepts clearly and answers questions patiently I especially liked the practical examples.,Positive
996,Some important topics are covered too quickly.,Negative
997,Students need clearer instructions for projects This affects the overall learning experience.,Negative
998,Students need clearer instructions for projects Better planning could improve the situation.,Negative
999,Classes are interactive and students can ask questions freely.,Positive
1000,The course is satisfactory but some topics need more detail Students may benefit from some improvements.,Neutral
