comment,sentiment
"overall, faculty bilkul supportive nahi hai.",negative
"mere according, practical sessions useful nahi hain. students ke liye.",negative
"experience ke according, class ka environment achha nahi hai. abhi tak.",negative
mujhe lagta hai ki practical sessions bahut useful hain. students ke liye.,positive
mujhe lagta hai ki teacher ka explanation confusing hota hai. abhi tak.,negative
"Overall, The instructor gives confusing explanations. In the course.",negative
"mere according, practical sessions bahut useful hain. students ke liye.",positive
"experience ke according, lectures interesting aur informative hain. classes ke during.",positive
"For me, The practical sessions are very useful. Overall.",positive
"generally, teacher lecture me examples dete hain. abhi tak.",neutral
"generally, teacher students ko motivate karte hain. classes ke during.",positive
mujhe lagta hai ki teacher concepts ko clearly samjhate hain. students ke liye.,positive
I feel that The instructor gives helpful examples. For the students.,positive
"For me, the teacher gives examples during lectures. overall.",neutral
I feel that The teacher encourages students to participate. At present.,positive
"mere according, practical session laboratory me hota hai.",neutral
The study material is well organized. During the classes.,positive
"overall, practical sessions bahut useful hain. mere according.",positive
"experience ke according, practical session laboratory me hota hai. mere according.",neutral
"Overall, The faculty is not supportive. In my opinion.",negative
"experience ke according, teacher questions ko properly explain nahi karte. abhi tak.",negative
The teacher answers questions patiently! In my opinion!,positive
"meri taraf se, class timetable ke according chalti hai! overall!",neutral
mujhe lagta hai ki teacher study material provide karte hain. students ke liye.,neutral
mujhe lagta hai ki class me topics easily samajh aa jate hain! abhi tak!,positive
class me topics samajh nahi aate hain.,negative
"experience ke according, teacher ka explanation confusing hota hai. abhi tak.",negative
"Overall, The class starts according to the schedule. In my opinion.",neutral
"In my experience, The study material is well organized. In the course.",positive
"mere according, class scheduled time par start hoti hai. course me.",neutral
"experience ke according, class me topics samajh nahi aate hain. classes ke during.",negative
"experience ke according, faculty regular lectures leti hai. classes ke during.",neutral
mujhe lagta hai ki teacher lecture me examples dete hain. abhi tak.,neutral
mujhe lagta hai ki teacher students ko motivate karte hain. overall.,positive
I feel that The teacher answers questions patiently. Overall.,positive
Mujhe lagta hai ki lectures boring aur difficult lagte hain. abhi tak.,negative
"For me, The teacher gives examples during lectures. Overall.",neutral
"meri taraf se, teacher mujhe achhe se nahi padhate hain. overall.",negative
I feel that The instructor gives helpful examples. Overall.,positive
"meri taraf se, class scheduled time par start hoti hai. overall.",neutral
"For me, The lectures are difficult to understand. Overall.",negative
class ka environment bahut achha hai.,positive
"Generally, The faculty conducts lectures regularly. At present.",neutral
"meri taraf se, study material complete nahi milta. students ke liye.",negative
class me topics easily samajh aa jate hain. classes ke during.,positive
"generally, teacher lecture me examples dete hain. overall.",neutral
"mere according, teacher questions ko patiently solve karte hain. course me.",positive
"Experience ke according, teacher concepts ko clearly samjhate hain. abhi tak.",positive
"In my experience, The lectures are informative and easy to follow. In the course.",positive
"generally, teacher assigned topics discuss karte hain. classes ke during.",neutral
"meri taraf se, course me theory aur practical dono hain. students ke liye.",neutral
The practical sessions are very useful. During the classes.,positive
"experience ke according, faculty bahut supportive hai. classes ke during.",positive
"mere according, teacher lecture me examples dete hain. course me.",neutral
"mere according, class timetable ke according chalti hai.",neutral
"experience ke according, teacher students ko motivate nahi karte. mere according.",negative
"mere according, lectures boring aur difficult lagte hain. students ke liye.",negative
"Overall, The teacher does not explain concepts properly. In the course.",negative
mujhe lagta hai ki teacher questions ko properly explain nahi karte. overall.,negative
mujhe lagta hai ki teacher students ko motivate nahi karte. overall.,negative
"meri taraf se, practical session laboratory me hota hai. course me.",neutral
"generally, lectures interesting aur informative hain. abhi tak.",positive
"experience ke according, class timetable ke according chalti hai. mere according.",neutral
"meri taraf se, class ka environment achha nahi hai. students ke liye.",negative
teacher bahut achha padhate hain. classes ke during.,positive
"mere according, lectures interesting aur informative hain.",positive
"Overall, the teacher explains concepts clearly. in the course.",positive
"experience ke according, teacher students ko motivate karte hain! abhi tak!",positive
"Generally, The teacher answers questions patiently. During the classes.",positive
"meri taraf se, class scheduled time par start hoti hai. students ke liye.",neutral
"meri taraf se, faculty bilkul supportive nahi hai. course me.",negative
"Generally, The classroom environment is excellent. In my opinion.",positive
"In my experience, The students attend the scheduled classes! In the course!",neutral
"mere according, lectures boring aur difficult lagte hain. course me.",negative
I feel that The teacher does not encourage students. At present.,negative
"mere according, teacher students ko motivate karte hain. course me.",positive
"From my side, The instructor gives confusing explanations. During the classes.",negative
"experience ke according, teacher concepts ko clearly samjhate hain. classes ke during.",positive
"experience ke according, faculty bahut supportive hai. mere according.",positive
"experience ke according, teacher study material provide karte hain. abhi tak.",neutral
mujhe lagta hai ki teacher mujhe achhe se nahi padhate hain. abhi tak.,negative
"mere according, students regular class attend karte hain! students ke liye!",neutral
"mere according, practical sessions useful nahi hain.",negative
"mere according, teacher assigned topics discuss karte hain. students ke liye.",neutral
"generally, teacher mujhe achhe se nahi padhate hain. abhi tak.",negative
"overall, teacher questions ko patiently solve karte hain. course me.",positive
"mere according, study material kaafi achha hai. students ke liye.",positive
"For me, The classroom environment is not good. For the students.",negative
mujhe lagta hai ki teacher questions ko properly explain nahi karte. abhi tak.,negative
students regular class attend karte hain. classes ke during.,neutral
"mere according, teacher students ko motivate nahi karte. course me.",negative
"mere according, teacher assigned topics discuss karte hain. course me.",neutral
"meri taraf se, practical sessions useful nahi hain. course me.",negative
The teacher does not explain concepts properly. In my opinion.,negative
"generally, teacher questions ko patiently solve karte hain. overall.",positive
teacher students ko motivate nahi karte! classes ke during!,negative
"generally, class scheduled time par start hoti hai. overall.",neutral
lectures interesting aur informative hain. mere according.,positive
"generally, faculty bilkul supportive nahi hai. overall.",negative
"Generally, The lectures are informative and easy to follow. At present.",positive
The instructor discusses the assigned topics.,neutral
"From my side, The practical sessions are not useful. Overall.",negative
"In my experience, The study material is well organized.",positive
"For me, the lessons are engaging and interesting. overall.",positive
"From my side, The classroom environment is excellent. Overall.",positive
"generally, teacher students ko motivate nahi karte. classes ke during.",negative
"experience ke according, teacher bahut achha padhate hain. abhi tak.",positive
"Meri taraf se, practical sessions useful nahi hain! overall!",negative
"overall, teacher questions ko properly explain nahi karte. course me.",negative
"generally, teacher ka explanation confusing hota hai. classes ke during.",negative
teacher concepts ko clearly samjhate hain. classes ke during.,positive
class ka environment bahut achha hai. classes ke during.,positive
teacher class me topic explain karte hain.,neutral
"overall, teacher questions ko patiently solve karte hain. mere according.",positive
Mujhe lagta hai ki teacher lecture me examples dete hain. overall.,neutral
"Generally, practical session laboratory me hota hai. abhi tak.",neutral
practical sessions bahut useful hain. mere according.,positive
mujhe lagta hai ki class me topics easily samajh aa jate hain. abhi tak.,positive
mujhe lagta hai ki study material kaafi achha hai. abhi tak.,positive
"meri taraf se, lectures boring aur difficult lagte hain. overall.",negative
faculty bilkul supportive nahi hai. classes ke during.,negative
"mere according, teacher students ko motivate karte hain. students ke liye.",positive
"Generally, The lectures are difficult to understand. At present.",negative
"overall, teacher lecture me examples dete hain. course me.",neutral
teacher concepts ko clearly samjhate hain.,positive
"overall, class me topics easily samajh aa jate hain. course me.",positive
students regular class attend karte hain. mere according.,neutral
"Overall, faculty regular lectures leti hai. mere according.",neutral
"Generally, the instructor gives helpful examples. during the classes.",positive
teacher bahut achha padhate hain.,positive
Faculty bahut supportive hai. classes ke during.,positive
The classroom environment is excellent. During the classes.,positive
"meri taraf se, teacher students ko motivate nahi karte. overall.",negative
"meri taraf se, course me theory aur practical dono hain. course me.",neutral
I feel that The teacher does not explain concepts properly. At present.,negative
"Overall, the faculty is very supportive. in the course.",positive
"overall, class me topics samajh nahi aate hain. mere according.",negative
"experience ke according, teacher students ko motivate nahi karte. abhi tak.",negative
"generally, course me theory aur practical dono hain. overall.",neutral
The practical sessions are not useful. in my opinion.,negative
"experience ke according, class scheduled time par start hoti hai! classes ke during!",neutral
"meri taraf se, teacher ka explanation confusing hota hai. students ke liye.",negative
mujhe lagta hai ki practical sessions useful nahi hain. overall.,negative
"meri taraf se, teacher students ko motivate karte hain. overall.",positive
"overall, faculty bahut supportive hai. mere according.",positive
mujhe lagta hai ki teacher concepts ko clearly samjhate hain. overall.,positive
faculty regular lectures leti hai. classes ke during.,neutral
"generally, class me topics easily samajh aa jate hain. abhi tak.",positive
"overall, teacher students ko motivate nahi karte. mere according.",negative
"mere according, students regular class attend karte hain.",neutral
The classroom environment is excellent. In my opinion.,positive
The teacher provides study material. During the classes.,neutral
"Generally, teacher students ko motivate nahi karte. classes ke during.",negative
"overall, teacher study material provide karte hain. mere according.",neutral
"From my side, The instructor gives helpful examples. During the classes.",positive
"overall, faculty regular lectures leti hai. course me.",neutral
"For me, The faculty conducts lectures regularly. For the students.",neutral
teacher mujhe achhe se nahi padhate hain.,negative
"generally, study material kaafi achha hai. classes ke during.",positive
mujhe lagta hai ki lectures boring aur difficult lagte hain. overall.,negative
"experience ke according, faculty bilkul supportive nahi hai. classes ke during.",negative
"generally, teacher class me topic explain karte hain. abhi tak.",neutral
The teacher explains the topic during the class.,neutral
mujhe lagta hai ki class ka environment bahut achha hai. students ke liye.,positive
"generally, teacher questions ko patiently solve karte hain. abhi tak.",positive
"experience ke according, faculty bahut supportive hai. abhi tak.",positive
mujhe lagta hai ki teacher lecture me examples dete hain. students ke liye.,neutral
"generally, teacher questions ko properly explain nahi karte. abhi tak.",negative
"From my side, the practical session is conducted in the laboratory. overall.",neutral
"meri taraf se, study material complete nahi milta. overall.",negative
"In my experience, The practical sessions are very useful. For the students.",positive
"From my side, The lessons are boring and difficult to follow. Overall.",negative
"In my experience, The teacher does not answer questions clearly. For the students.",negative
"mere according, teacher concepts ko clearly samjhate hain. course me.",positive
"Mere according, class ka environment achha nahi hai.",negative
"From my side, The course includes both theory and practical sessions. At present.",neutral
"From my side, The teacher does not explain concepts properly. At present.",negative
"meri taraf se, teacher bahut achha padhate hain. overall.",positive
"generally, teacher study material provide karte hain. abhi tak.",neutral
faculty bilkul supportive nahi hai.,negative
"Overall, The course includes both theory and practical sessions.",neutral
mujhe lagta hai ki faculty bahut supportive hai. overall.,positive
"generally, practical sessions useful nahi hain. abhi tak.",negative
"overall, practical session laboratory me hota hai! mere according!",neutral
"In my experience, The students attend the scheduled classes. For the students.",neutral
mujhe lagta hai ki students regular class attend karte hain. students ke liye.,neutral
The practical sessions are not useful.,negative
"experience ke according, teacher questions ko patiently solve karte hain! mere according!",positive
teacher questions ko properly explain nahi karte.,negative
"For me, The class follows the planned timetable. Overall.",neutral
"overall, teacher ka explanation confusing hota hai. mere according.",negative
"meri taraf se, teacher students ko motivate karte hain. course me.",positive
lectures interesting aur informative hain. classes ke during.,positive
"Mere according, faculty bilkul supportive nahi hai. students ke liye.",negative
"In my experience, The teacher answers questions patiently.",positive
"experience ke according, study material complete nahi milta. abhi tak.",negative
class me topics easily samajh aa jate hain.,positive
"experience ke according, teacher class me topic explain karte hain. abhi tak.",neutral
"Generally, The practical session is conducted in the laboratory. In my opinion.",neutral
mujhe lagta hai ki lectures boring aur difficult lagte hain. students ke liye.,negative
mujhe lagta hai ki faculty regular lectures leti hai! students ke liye!,neutral
The classroom environment is not good. In my opinion.,negative
"In my experience, the practical sessions are very useful. in the course.",positive
teacher study material provide karte hain.,neutral
mujhe lagta hai ki faculty regular lectures leti hai. abhi tak.,neutral
I feel that The practical session is conducted in the laboratory. Overall.,neutral
"For me, The practical session is conducted in the laboratory. For the students.",neutral
"meri taraf se, teacher students ko motivate karte hain. students ke liye.",positive
I feel that the teacher encourages students to participate. for the students.,positive
mujhe lagta hai ki lectures boring aur difficult lagte hain! abhi tak!,negative
"meri taraf se, study material kaafi achha hai. students ke liye.",positive
"From my side, the faculty is not supportive. overall.",negative
"meri taraf se, practical sessions useful nahi hain! course me!",negative
"mere according, teacher mujhe achhe se nahi padhate hain. course me.",negative
"generally, teacher questions ko properly explain nahi karte. classes ke during.",negative
"generally, study material complete nahi milta. overall.",negative
"Overall, The lessons are engaging and interesting. In the course.",positive
mujhe lagta hai ki teacher concepts ko clearly samjhate hain. abhi tak.,positive
"Overall, The instructor discusses the assigned topics.",neutral
"Generally, The lectures are informative and easy to follow! At present!",positive
"experience ke according, class me topics easily samajh aa jate hain! classes ke during!",positive
"For me, The teacher answers questions patiently. For the students.",positive
teacher students ko motivate nahi karte. classes ke during.,negative
"experience ke according, teacher mujhe achhe se nahi padhate hain. mere according.",negative
I feel that The instructor discusses the assigned topics. For the students.,neutral
"meri taraf se, teacher study material provide karte hain. course me.",neutral
mujhe lagta hai ki class ka environment bahut achha hai. abhi tak.,positive
"experience ke according, study material complete nahi milta. classes ke during.",negative
"overall, class ka environment bahut achha hai. course me.",positive
"experience ke according, teacher bahut achha padhate hain. classes ke during.",positive
"Overall, The lessons are engaging and interesting.",positive
Mujhe lagta hai ki teacher mujhe achhe se nahi padhate hain. abhi tak.,negative
"overall, class ka environment bahut achha hai.",positive
"Meri taraf se, students regular class attend karte hain! students ke liye!",neutral
"meri taraf se, teacher lecture me examples dete hain! students ke liye!",neutral
"mere according, teacher questions ko properly explain nahi karte. course me.",negative
I feel that The practical session is conducted in the laboratory. For the students.,neutral
"Mere according, practical session laboratory me hota hai. students ke liye.",neutral
mujhe lagta hai ki teacher questions ko properly explain nahi karte. students ke liye.,negative
"meri taraf se, practical session laboratory me hota hai. overall.",neutral
"For me, the teacher does not explain concepts properly. in the course.",negative
"Generally, The practical sessions are not useful. In my opinion.",negative
teacher lecture me examples dete hain.,neutral
"generally, lectures boring aur difficult lagte hain. overall.",negative
study material complete nahi milta.,negative
"mere according, practical sessions bahut useful hain!",positive
"mere according, faculty bahut supportive hai.",positive
"experience ke according, teacher questions ko patiently solve karte hain. abhi tak.",positive
"overall, lectures boring aur difficult lagte hain. course me.",negative
"overall, study material kaafi achha hai. course me.",positive
mujhe lagta hai ki teacher class me topic explain karte hain. overall.,neutral
"generally, teacher students ko motivate karte hain. overall.",positive
"meri taraf se, faculty bilkul supportive nahi hai. students ke liye.",negative
mujhe lagta hai ki faculty regular lectures leti hai. students ke liye.,neutral
"Meri taraf se, faculty bilkul supportive nahi hai. students ke liye.",negative
"In my experience, The teacher provides study material.",neutral
"experience ke according, lectures boring aur difficult lagte hain. mere according.",negative
I feel that The class starts according to the schedule. For the students.,neutral
"Experience ke according, teacher students ko motivate nahi karte. abhi tak.",negative
"generally, faculty bilkul supportive nahi hai! classes ke during!",negative
lectures boring aur difficult lagte hain.,negative
"generally, class me topics samajh nahi aate hain. classes ke during.",negative
lectures boring aur difficult lagte hain. mere according.,negative
faculty regular lectures leti hai.,neutral
I feel that The teacher does not explain concepts properly. Overall.,negative
mujhe lagta hai ki teacher assigned topics discuss karte hain. overall.,neutral
"From my side, The lessons are boring and difficult to follow. During the classes.",negative
Class me topics samajh nahi aate hain. classes ke during.,negative
"meri taraf se, study material kaafi achha hai. overall.",positive
I feel that The faculty is very supportive. For the students.,positive
"overall, course me theory aur practical dono hain. course me.",neutral
"For me, The teacher does not answer questions clearly. For the students.",negative
"experience ke according, class ka environment bahut achha hai. abhi tak.",positive
mujhe lagta hai ki teacher bahut achha padhate hain. students ke liye.,positive
mujhe lagta hai ki class ka environment achha nahi hai. students ke liye.,negative
I feel that The teacher answers questions patiently. For the students.,positive
"experience ke according, students regular class attend karte hain. mere according.",neutral
"In my experience, The teacher encourages students to participate. For the students.",positive
"meri taraf se, class scheduled time par start hoti hai! students ke liye!",neutral
practical sessions useful nahi hain!,negative
Mujhe lagta hai ki faculty bilkul supportive nahi hai. students ke liye.,negative
"generally, class scheduled time par start hoti hai. classes ke during.",neutral
The class starts according to the schedule! In my opinion!,neutral
"generally, faculty bahut supportive hai. abhi tak.",positive
"experience ke according, lectures interesting aur informative hain. mere according.",positive
"meri taraf se, teacher lecture me examples dete hain! course me!",neutral
mujhe lagta hai ki teacher students ko motivate nahi karte. abhi tak.,negative
"Generally, The teacher gives examples during lectures. In my opinion.",neutral
"From my side, The teacher gives examples during lectures. At present.",neutral
Mujhe lagta hai ki teacher concepts ko clearly samjhate hain. abhi tak.,positive
"mere according, course me theory aur practical dono hain. students ke liye.",neutral
"overall, study material kaafi achha hai.",positive
"mere according, teacher concepts ko clearly samjhate hain.",positive
"overall, course me theory aur practical dono hain.",neutral
mujhe lagta hai ki teacher students ko motivate nahi karte. students ke liye.,negative
"mere according, teacher ka explanation confusing hota hai.",negative
"Overall, The teacher explains the topic during the class. In my opinion.",neutral
"overall, practical sessions useful nahi hain.",negative
"mere according, teacher ka explanation confusing hota hai. course me.",negative
mujhe lagta hai ki lectures boring aur difficult lagte hain. abhi tak.,negative
"mere according, class timetable ke according chalti hai. students ke liye.",neutral
"For me, The students attend the scheduled classes. In the course.",neutral
"meri taraf se, class ka environment achha nahi hai! students ke liye!",negative
"mere according, class scheduled time par start hoti hai. students ke liye.",neutral
"experience ke according, practical sessions useful nahi hain. abhi tak.",negative
"meri taraf se, teacher questions ko patiently solve karte hain. course me.",positive
class ka environment achha nahi hai. mere according.,negative
"From my side, The study material is incomplete. Overall.",negative
"Overall, The teacher encourages students to participate. In my opinion.",positive
The class starts according to the schedule. During the classes.,neutral
"meri taraf se, class me topics samajh nahi aate hain. students ke liye.",negative
"experience ke according, lectures boring aur difficult lagte hain! classes ke during!",negative
"In my experience, the practical sessions are not useful. in the course.",negative
mujhe lagta hai ki practical session laboratory me hota hai. abhi tak.,neutral
The study material is incomplete.,negative
"meri taraf se, class me topics easily samajh aa jate hain. course me.",positive
"mere according, teacher students ko motivate nahi karte! course me!",negative
"From my side, The instructor gives confusing explanations. Overall.",negative
mujhe lagta hai ki teacher class me topic explain karte hain. students ke liye.,neutral
"overall, teacher concepts ko clearly samjhate hain. course me.",positive
The instructor gives helpful examples. During the classes.,positive
"For me, The teacher does not encourage students. Overall.",negative
"generally, teacher students ko motivate nahi karte. abhi tak.",negative
"From my side, The faculty conducts lectures regularly. At present.",neutral
The instructor gives confusing explanations.,negative
"mere according, class me topics samajh nahi aate hain.",negative
"Overall, The lessons are boring and difficult to follow. In my opinion.",negative
"meri taraf se, study material complete nahi milta. course me.",negative
"meri taraf se, lectures interesting aur informative hain. course me.",positive
"overall, study material kaafi achha hai. mere according.",positive
"Generally, The faculty is not supportive. In my opinion.",negative
mujhe lagta hai ki class ka environment achha nahi hai! overall!,negative
"Experience ke according, class me topics easily samajh aa jate hain. classes ke during.",positive
"Generally, The students attend the scheduled classes. During the classes.",neutral
"mere according, teacher study material provide karte hain. students ke liye.",neutral
mujhe lagta hai ki teacher bahut achha padhate hain! students ke liye!,positive
"experience ke according, teacher mujhe achhe se nahi padhate hain. classes ke during.",negative
"For me, The practical session is conducted in the laboratory. In the course.",neutral
"experience ke according, teacher students ko motivate karte hain. classes ke during.",positive
"Overall, practical sessions useful nahi hain.",negative
Teacher class me topic explain karte hain. classes ke during.,neutral
"meri taraf se, teacher assigned topics discuss karte hain. students ke liye.",neutral
"Generally, The lessons are boring and difficult to follow. At present.",negative
practical sessions useful nahi hain. classes ke during.,negative
"generally, teacher study material provide karte hain! abhi tak!",neutral
"mere according, teacher questions ko properly explain nahi karte.",negative
"experience ke according, class timetable ke according chalti hai! abhi tak!",neutral
"experience ke according, teacher questions ko patiently solve karte hain. classes ke during.",positive
"generally, class ka environment bahut achha hai. overall.",positive
"generally, lectures boring aur difficult lagte hain. classes ke during.",negative
teacher study material provide karte hain. classes ke during.,neutral
"generally, faculty regular lectures leti hai. abhi tak.",neutral
"overall, teacher questions ko patiently solve karte hain.",positive
The teacher provides study material.,neutral
"overall, teacher concepts ko clearly samjhate hain!",positive
"generally, teacher ka explanation confusing hota hai. abhi tak.",negative
"Generally, The course includes both theory and practical sessions! During the classes!",neutral
"For me, The class follows the planned timetable. For the students.",neutral
"For me, The faculty conducts lectures regularly. Overall.",neutral
"experience ke according, course me theory aur practical dono hain. classes ke during.",neutral
"Generally, The course includes both theory and practical sessions. At present.",neutral
mujhe lagta hai ki class ka environment bahut achha hai. overall.,positive
"generally, practical session laboratory me hota hai. abhi tak.",neutral
"For me, The class starts according to the schedule! Overall!",neutral
The teacher gives examples during lectures. During the classes.,neutral
"Experience ke according, class ka environment achha nahi hai. mere according.",negative
"Generally, The classroom environment is not good. During the classes.",negative
"meri taraf se, study material kaafi achha hai. course me.",positive
"mere according, class ka environment achha nahi hai!",negative
"Mere according, class ka environment bahut achha hai!",positive
"experience ke according, faculty bilkul supportive nahi hai. mere according.",negative
"From my side, The teacher explains concepts clearly. Overall.",positive
"generally, teacher mujhe achhe se nahi padhate hain. classes ke during.",negative
"experience ke according, teacher lecture me examples dete hain. mere according.",neutral
"From my side, The teacher does not encourage students. During the classes.",negative
"experience ke according, practical session laboratory me hota hai. abhi tak.",neutral
"Generally, students regular class attend karte hain. abhi tak.",neutral
"From my side, The teacher explains concepts clearly. At present.",positive
I feel that The teacher does not explain concepts properly. For the students.,negative
lectures interesting aur informative hain.,positive
"experience ke according, course me theory aur practical dono hain. mere according.",neutral
teacher questions ko patiently solve karte hain.,positive
"Generally, The practical sessions are not useful. At present.",negative
"meri taraf se, teacher bahut achha padhate hain. students ke liye.",positive
"From my side, The practical sessions are very useful. During the classes.",positive
"experience ke according, teacher study material provide karte hain. classes ke during.",neutral
faculty bahut supportive hai.,positive
"experience ke according, faculty bilkul supportive nahi hai! mere according!",negative
Teacher students ko motivate karte hain.,positive
practical sessions useful nahi hain.,negative
class timetable ke according chalti hai.,neutral
"generally, teacher students ko motivate karte hain. abhi tak.",positive
"experience ke according, course me theory aur practical dono hain! mere according!",neutral
mujhe lagta hai ki course me theory aur practical dono hain. students ke liye.,neutral
"From my side, The teacher gives examples during lectures. During the classes.",neutral
"Generally, The teacher provides study material. In my opinion.",neutral
"overall, class ka environment achha nahi hai. course me.",negative
"For me, The teacher explains the topic during the class. For the students.",neutral
"From my side, The faculty is not supportive. At present.",negative
mujhe lagta hai ki class scheduled time par start hoti hai. overall.,neutral
"Generally, The practical sessions are very useful. In my opinion.",positive
"From my side, The teacher does not encourage students. Overall.",negative
"In my experience, The faculty is very supportive. For the students.",positive
"meri taraf se, teacher bahut achha padhate hain! overall!",positive
"meri taraf se, class me topics samajh nahi aate hain! course me!",negative
"meri taraf se, class timetable ke according chalti hai. students ke liye.",neutral
"experience ke according, lectures boring aur difficult lagte hain. abhi tak.",negative
"In my experience, The practical sessions are very useful. In the course.",positive
"generally, practical sessions useful nahi hain. overall.",negative
"overall, teacher mujhe achhe se nahi padhate hain! course me!",negative
"overall, lectures boring aur difficult lagte hain.",negative
"meri taraf se, teacher questions ko properly explain nahi karte. overall.",negative
"Overall, The teacher explains the topic during the class.",neutral
"Overall, The instructor discusses the assigned topics. In the course.",neutral
"In my experience, The teacher explains the topic during the class.",neutral
teacher class me topic explain karte hain. classes ke during.,neutral
"For me, The practical session is conducted in the laboratory! For the students!",neutral
class me topics samajh nahi aate hain. classes ke during.,negative
"mere according, teacher study material provide karte hain! course me!",neutral
"For me, The lessons are boring and difficult to follow. Overall.",negative
The practical session is conducted in the laboratory. In my opinion.,neutral
"mere according, practical sessions useful nahi hain. course me.",negative
"generally, faculty bilkul supportive nahi hai. abhi tak.",negative
mujhe lagta hai ki practical sessions useful nahi hain. abhi tak.,negative
"From my side, The teacher explains the topic during the class. At present.",neutral
"experience ke according, lectures boring aur difficult lagte hain. classes ke during.",negative
"experience ke according, teacher bahut achha padhate hain. mere according.",positive
"experience ke according, teacher study material provide karte hain. mere according.",neutral
"overall, class me topics samajh nahi aate hain. course me.",negative
"mere according, class me topics easily samajh aa jate hain. course me.",positive
mujhe lagta hai ki faculty bilkul supportive nahi hai. students ke liye.,negative
mujhe lagta hai ki study material complete nahi milta! abhi tak!,negative
The study material is incomplete. During the classes.,negative
"mere according, faculty regular lectures leti hai.",neutral
"experience ke according, faculty bilkul supportive nahi hai. abhi tak.",negative
"In my experience, The teacher encourages students to participate.",positive
I feel that The faculty conducts lectures regularly. At present.,neutral
"meri taraf se, students regular class attend karte hain. overall.",neutral
"mere according, teacher assigned topics discuss karte hain.",neutral
"meri taraf se, teacher bahut achha padhate hain. course me.",positive
"Generally, The teacher does not encourage students. During the classes.",negative
"In my experience, The practical session is conducted in the laboratory. In the course.",neutral
"For me, The instructor discusses the assigned topics! Overall!",neutral
"In my experience, The instructor gives confusing explanations. For the students.",negative
"generally, class scheduled time par start hoti hai. abhi tak.",neutral
mujhe lagta hai ki study material kaafi achha hai. students ke liye.,positive
"Generally, study material kaafi achha hai. abhi tak.",positive
"mere according, faculty bilkul supportive nahi hai. course me.",negative
"generally, study material complete nahi milta. classes ke during.",negative
"generally, teacher class me topic explain karte hain. overall.",neutral
"overall, practical session laboratory me hota hai. course me.",neutral
faculty regular lectures leti hai. mere according.,neutral
I feel that The class follows the planned timetable. Overall.,neutral
I feel that The instructor discusses the assigned topics. At present.,neutral
"In my experience, The teacher does not explain concepts properly.",negative
"Meri taraf se, class ka environment achha nahi hai. overall.",negative
"overall, practical session laboratory me hota hai. mere according.",neutral
"meri taraf se, teacher concepts ko clearly samjhate hain. students ke liye.",positive
"mere according, lectures interesting aur informative hain. course me.",positive
"generally, teacher mujhe achhe se nahi padhate hain. overall.",negative
"Overall, practical session laboratory me hota hai!",neutral
study material complete nahi milta. classes ke during.,negative
mujhe lagta hai ki students regular class attend karte hain. overall.,neutral
"mere according, study material complete nahi milta.",negative
"In my experience, The faculty is not supportive.",negative
"experience ke according, class me topics samajh nahi aate hain. mere according.",negative
"mere according, faculty bahut supportive hai. students ke liye.",positive
"experience ke according, lectures interesting aur informative hain. abhi tak.",positive
Mujhe lagta hai ki teacher mujhe achhe se nahi padhate hain. students ke liye.,negative
I feel that The faculty is very supportive. Overall.,positive
"meri taraf se, faculty regular lectures leti hai. students ke liye.",neutral
teacher lecture me examples dete hain. classes ke during.,neutral
"From my side, The study material is incomplete. At present.",negative
"From my side, The teacher does not encourage students. At present.",negative
"Overall, The teacher does not answer questions clearly.",negative
mujhe lagta hai ki faculty bilkul supportive nahi hai! overall!,negative
"Overall, faculty bilkul supportive nahi hai. mere according.",negative
"overall, students regular class attend karte hain. mere according.",neutral
"overall, lectures interesting aur informative hain.",positive
I feel that The students attend the scheduled classes. Overall.,neutral
"Experience ke according, practical session laboratory me hota hai. abhi tak.",neutral
teacher assigned topics discuss karte hain.,neutral
Practical session laboratory me hota hai. classes ke during.,neutral
"meri taraf se, class me topics easily samajh aa jate hain. students ke liye.",positive
The teacher explains the topic during the class! During the classes!,neutral
mujhe lagta hai ki teacher mujhe achhe se nahi padhate hain. overall.,negative
"Overall, The classroom environment is not good.",negative
"Overall, The students attend the scheduled classes.",neutral
"mere according, class ka environment achha nahi hai. students ke liye.",negative
"meri taraf se, class ka environment bahut achha hai. students ke liye.",positive
"Generally, course me theory aur practical dono hain. classes ke during.",neutral
"overall, teacher bahut achha padhate hain. mere according.",positive
"overall, teacher questions ko properly explain nahi karte. mere according.",negative
"overall, lectures interesting aur informative hain. course me.",positive
"From my side, the course includes both theory and practical sessions. overall.",neutral
"Mere according, faculty bahut supportive hai! course me!",positive
"mere according, faculty regular lectures leti hai. students ke liye.",neutral
"experience ke according, teacher class me topic explain karte hain. classes ke during.",neutral
"Generally, the practical sessions are not useful. in my opinion.",negative
"Overall, The teacher does not answer questions clearly. In my opinion.",negative
"For me, The lectures are difficult to understand. In the course.",negative
"meri taraf se, teacher students ko motivate nahi karte. students ke liye.",negative
"Generally, The teacher answers questions patiently. At present.",positive
"generally, class timetable ke according chalti hai. abhi tak.",neutral
The students attend the scheduled classes. During the classes.,neutral
"experience ke according, teacher assigned topics discuss karte hain! abhi tak!",neutral
"From my side, The teacher provides study material. At present.",neutral
"experience ke according, teacher questions ko properly explain nahi karte. classes ke during.",negative
"meri taraf se, faculty bahut supportive hai. overall.",positive
"overall, teacher assigned topics discuss karte hain.",neutral
"generally, lectures interesting aur informative hain. classes ke during.",positive
"For me, The classroom environment is excellent. For the students.",positive
"In my experience, The teacher provides study material. For the students.",neutral
"Overall, The practical sessions are very useful. In the course.",positive
"overall, faculty bahut supportive hai.",positive
"experience ke according, class scheduled time par start hoti hai. abhi tak.",neutral
"mere according, teacher questions ko patiently solve karte hain.",positive
"overall, practical session laboratory me hota hai.",neutral
teacher students ko motivate nahi karte.,negative
"experience ke according, course me theory aur practical dono hain! classes ke during!",neutral
mujhe lagta hai ki lectures interesting aur informative hain. students ke liye.,positive
I feel that The classroom environment is excellent. For the students.,positive
"generally, course me theory aur practical dono hain. abhi tak.",neutral
"meri taraf se, lectures interesting aur informative hain. overall.",positive
mujhe lagta hai ki class timetable ke according chalti hai. students ke liye.,neutral
"Generally, teacher questions ko patiently solve karte hain. abhi tak.",positive
teacher questions ko properly explain nahi karte! mere according!,negative
"Generally, The practical sessions are not useful. During the classes.",negative
teacher assigned topics discuss karte hain. classes ke during.,neutral
"meri taraf se, practical session laboratory me hota hai. students ke liye.",neutral
"From my side, The instructor discusses the assigned topics. Overall.",neutral
"From my side, The teacher answers questions patiently. Overall.",positive
course me theory aur practical dono hain. classes ke during.,neutral
"meri taraf se, lectures boring aur difficult lagte hain. course me.",negative
"meri taraf se, teacher mujhe achhe se nahi padhate hain. course me.",negative
"In my experience, The class starts according to the schedule.",neutral
"In my experience, The faculty conducts lectures regularly.",neutral
"From my side, the teacher does not answer questions clearly. at present.",negative
class me topics easily samajh aa jate hain. mere according.,positive
"Generally, teacher bahut achha padhate hain. abhi tak.",positive
"meri taraf se, teacher students ko motivate nahi karte. course me.",negative
"Overall, The course includes both theory and practical sessions. In my opinion.",neutral
"experience ke according, course me theory aur practical dono hain. abhi tak.",neutral
"generally, teacher lecture me examples dete hain. classes ke during.",neutral
"experience ke according, teacher ka explanation confusing hota hai. classes ke during.",negative
"experience ke according, practical sessions useful nahi hain. mere according.",negative
The course includes both theory and practical sessions. In my opinion.,neutral
"meri taraf se, lectures boring aur difficult lagte hain. students ke liye.",negative
mujhe lagta hai ki practical sessions bahut useful hain. overall.,positive
"meri taraf se, lectures interesting aur informative hain! overall!",positive
"Generally, the teacher does not encourage students. at present.",negative
"mere according, teacher class me topic explain karte hain! course me!",neutral
"experience ke according, class me topics easily samajh aa jate hain! abhi tak!",positive
"In my experience, The faculty is very supportive. In the course.",positive
"experience ke according, class ka environment achha nahi hai. mere according.",negative
"In my experience, The faculty conducts lectures regularly. For the students.",neutral
"generally, study material kaafi achha hai. overall.",positive
"From my side, The study material is well organized. At present.",positive
"generally, class ka environment achha nahi hai. overall.",negative
"Overall, The teacher does not explain concepts properly.",negative
"In my experience, The teacher answers questions patiently. In the course.",positive
mujhe lagta hai ki teacher ka explanation confusing hota hai. overall.,negative
study material complete nahi milta. mere according.,negative
teacher class me topic explain karte hain. mere according.,neutral
"From my side, the study material is incomplete. overall.",negative
"From my side, The lectures are informative and easy to follow. Overall.",positive
"For me, The course includes both theory and practical sessions. For the students.",neutral
The lessons are engaging and interesting. During the classes.,positive
"generally, class me topics easily samajh aa jate hain. overall.",positive
"experience ke according, teacher class me topic explain karte hain! mere according!",neutral
"For me, The teacher does not encourage students! For the students!",negative
"In my experience, The teacher explains concepts clearly. In the course.",positive
"Overall, The teacher explains concepts clearly. In the course.",positive
"In my experience, The lessons are boring and difficult to follow. In the course.",negative
"From my side, The instructor gives helpful examples. Overall.",positive
teacher mujhe achhe se nahi padhate hain. mere according.,negative
"mere according, teacher class me topic explain karte hain.",neutral
"For me, The instructor gives helpful examples. For the students.",positive
"generally, teacher assigned topics discuss karte hain. abhi tak.",neutral
"experience ke according, teacher assigned topics discuss karte hain. abhi tak.",neutral
"Overall, The instructor gives helpful examples.",positive
Mujhe lagta hai ki study material complete nahi milta. students ke liye.,negative
"For me, the faculty is not supportive. overall.",negative
"From my side, The faculty is very supportive. During the classes.",positive
"overall, class me topics easily samajh aa jate hain. mere according.",positive
"overall, teacher students ko motivate karte hain.",positive
"For me, The lessons are engaging and interesting. Overall.",positive
"mere according, class scheduled time par start hoti hai.",neutral
"From my side, The lectures are informative and easy to follow. At present.",positive
"mere according, lectures interesting aur informative hain! course me!",positive
The lessons are boring and difficult to follow. During the classes.,negative
"For me, The instructor gives confusing explanations. For the students.",negative
"experience ke according, teacher concepts ko clearly samjhate hain. abhi tak.",positive
"overall, teacher lecture me examples dete hain!",neutral
"For me, The class starts according to the schedule. In the course.",neutral
"From my side, The study material is incomplete. During the classes.",negative
teacher ka explanation confusing hota hai. classes ke during.,negative
"generally, faculty bahut supportive hai. overall.",positive
"Generally, The instructor gives confusing explanations. In my opinion.",negative
"generally, teacher ka explanation confusing hota hai. overall.",negative
"meri taraf se, class scheduled time par start hoti hai. course me.",neutral
I feel that The teacher does not answer questions clearly! At present!,negative
I feel that The lessons are boring and difficult to follow. At present.,negative
"experience ke according, students regular class attend karte hain. abhi tak.",neutral
"generally, class ka environment achha nahi hai. abhi tak.",negative
"generally, teacher students ko motivate karte hain! abhi tak!",positive
"Generally, the classroom environment is excellent. at present.",positive
"Meri taraf se, students regular class attend karte hain. students ke liye.",neutral
"Overall, The practical sessions are not useful. In the course.",negative
"experience ke according, class me topics easily samajh aa jate hain. mere according.",positive
"mere according, faculty regular lectures leti hai. course me.",neutral
"meri taraf se, class me topics easily samajh aa jate hain! students ke liye!",positive
"mere according, teacher concepts ko clearly samjhate hain. students ke liye.",positive
"Generally, The classroom environment is excellent. During the classes.",positive
"generally, course me theory aur practical dono hain. classes ke during.",neutral
practical sessions bahut useful hain.,positive
teacher ka explanation confusing hota hai!,negative
The faculty is not supportive. During the classes.,negative
"generally, teacher bahut achha padhate hain. overall.",positive
teacher bahut achha padhate hain. mere according.,positive
"Generally, The study material is well organized. During the classes.",positive
"experience ke according, study material kaafi achha hai. mere according.",positive
"meri taraf se, teacher study material provide karte hain. students ke liye.",neutral
"generally, teacher concepts ko clearly samjhate hain! classes ke during!",positive
"generally, lectures boring aur difficult lagte hain. abhi tak.",negative
mujhe lagta hai ki teacher students ko motivate karte hain. students ke liye.,positive
"meri taraf se, class timetable ke according chalti hai. overall.",neutral
"Overall, The practical sessions are not useful.",negative
mujhe lagta hai ki course me theory aur practical dono hain! abhi tak!,neutral
"For me, the study material is well organized. for the students.",positive
"overall, class ka environment bahut achha hai. mere according.",positive
"For me, the study material is incomplete. overall.",negative
"mere according, class scheduled time par start hoti hai! course me!",neutral
"overall, teacher students ko motivate nahi karte. course me.",negative
"For me, the instructor gives confusing explanations. overall.",negative
"overall, teacher assigned topics discuss karte hain. course me.",neutral
"mere according, faculty bilkul supportive nahi hai! course me!",negative
"Experience ke according, faculty bilkul supportive nahi hai. classes ke during.",negative
mujhe lagta hai ki lectures interesting aur informative hain. abhi tak.,positive
mujhe lagta hai ki practical sessions bahut useful hain! overall!,positive
"overall, students regular class attend karte hain.",neutral
I feel that The teacher explains concepts clearly. At present.,positive
mujhe lagta hai ki class ka environment achha nahi hai. abhi tak.,negative
The lessons are boring and difficult to follow. In my opinion.,negative
"meri taraf se, teacher mujhe achhe se nahi padhate hain! students ke liye!",negative
I feel that The teacher encourages students to participate. For the students.,positive
"For me, The classroom environment is excellent. In the course.",positive
class scheduled time par start hoti hai.,neutral
The instructor gives confusing explanations. During the classes.,negative
"meri taraf se, teacher lecture me examples dete hain. overall.",neutral
"Generally, class ka environment bahut achha hai. overall.",positive
"experience ke according, study material kaafi achha hai. abhi tak.",positive
students regular class attend karte hain.,neutral
"generally, teacher concepts ko clearly samjhate hain. classes ke during.",positive
mujhe lagta hai ki class me topics samajh nahi aate hain. overall.,negative
"generally, teacher study material provide karte hain! classes ke during!",neutral
"For me, The teacher gives examples during lectures. For the students.",neutral
The instructor gives confusing explanations. In my opinion.,negative
"mere according, class me topics easily samajh aa jate hain!",positive
"generally, course me theory aur practical dono hain! overall!",neutral
"Generally, teacher lecture me examples dete hain. overall.",neutral
mujhe lagta hai ki study material complete nahi milta. overall.,negative
"meri taraf se, teacher study material provide karte hain. overall.",neutral
mujhe lagta hai ki teacher students ko motivate karte hain! students ke liye!,positive
"experience ke according, teacher lecture me examples dete hain. abhi tak.",neutral
mujhe lagta hai ki teacher assigned topics discuss karte hain. abhi tak.,neutral
mujhe lagta hai ki teacher assigned topics discuss karte hain. students ke liye.,neutral
mujhe lagta hai ki teacher bahut achha padhate hain. abhi tak.,positive
"In my experience, the classroom environment is not good.",negative
"meri taraf se, practical sessions bahut useful hain. students ke liye.",positive
mujhe lagta hai ki teacher class me topic explain karte hain! abhi tak!,neutral
I feel that The students attend the scheduled classes. At present.,neutral
teacher students ko motivate karte hain.,positive
Mujhe lagta hai ki faculty bahut supportive hai. overall.,positive
"overall, class me topics easily samajh aa jate hain! mere according!",positive
"mere according, teacher bahut achha padhate hain. students ke liye.",positive
"overall, practical session laboratory me hota hai! course me!",neutral
"Experience ke according, class me topics samajh nahi aate hain. abhi tak.",negative
"mere according, teacher lecture me examples dete hain. students ke liye.",neutral
"Generally, class timetable ke according chalti hai. classes ke during.",neutral
"Generally, The class starts according to the schedule. At present.",neutral
"meri taraf se, faculty bahut supportive hai. course me.",positive
teacher questions ko patiently solve karte hain. mere according.,positive
"experience ke according, practical sessions bahut useful hain. mere according.",positive
"mere according, teacher lecture me examples dete hain.",neutral
"mere according, teacher mujhe achhe se nahi padhate hain!",negative
mujhe lagta hai ki study material complete nahi milta. students ke liye.,negative
"overall, teacher mujhe achhe se nahi padhate hain. course me.",negative
"For me, The students attend the scheduled classes. Overall.",neutral
I feel that The instructor gives confusing explanations. For the students.,negative
teacher lecture me examples dete hain. mere according.,neutral
"mere according, students regular class attend karte hain. students ke liye.",neutral
The teacher encourages students to participate.,positive
I feel that The practical sessions are very useful. For the students.,positive
"From my side, The teacher answers questions patiently. At present.",positive
"mere according, study material kaafi achha hai. course me.",positive
"mere according, class ka environment bahut achha hai. course me.",positive
mujhe lagta hai ki class scheduled time par start hoti hai. abhi tak.,neutral
"In my experience, the teacher answers questions patiently. for the students.",positive
"generally, class ka environment bahut achha hai. abhi tak.",positive
"Generally, The lectures are difficult to understand! In my opinion!",negative
The practical sessions are very useful! In my opinion!,positive
"From my side, The class follows the planned timetable. At present.",neutral
"Overall, The lectures are difficult to understand.",negative
"Generally, lectures interesting aur informative hain. classes ke during.",positive
I feel that The faculty is not supportive. For the students.,negative
"Generally, The lectures are difficult to understand. In my opinion.",negative
"For me, The faculty is not supportive. Overall.",negative
mujhe lagta hai ki faculty regular lectures leti hai. overall.,neutral
"overall, lectures boring aur difficult lagte hain. mere according.",negative
"Overall, The practical session is conducted in the laboratory. In my opinion.",neutral
The class follows the planned timetable. In my opinion.,neutral
The teacher encourages students to participate. During the classes.,positive
"overall, lectures boring aur difficult lagte hain!",negative
The lectures are informative and easy to follow. During the classes.,positive
"experience ke according, teacher mujhe achhe se nahi padhate hain. abhi tak.",negative
mujhe lagta hai ki practical session laboratory me hota hai. students ke liye.,neutral
I feel that The classroom environment is not good. Overall.,negative
"For me, The teacher answers questions patiently. In the course.",positive
"Generally, teacher questions ko properly explain nahi karte. overall.",negative
"experience ke according, class me topics easily samajh aa jate hain. abhi tak.",positive
study material kaafi achha hai.,positive
"overall, study material complete nahi milta. mere according.",negative
"meri taraf se, course me theory aur practical dono hain! students ke liye!",neutral
The teacher explains concepts clearly. During the classes.,positive
"In my experience, The teacher gives examples during lectures. For the students.",neutral
I feel that The teacher encourages students to participate. Overall.,positive
"Experience ke according, lectures boring aur difficult lagte hain. classes ke during.",negative
I feel that The teacher explains the topic during the class. At present.,neutral
"meri taraf se, teacher questions ko properly explain nahi karte! students ke liye!",negative
I feel that The lessons are boring and difficult to follow. Overall.,negative
The teacher does not answer questions clearly. In my opinion.,negative
"meri taraf se, class ka environment achha nahi hai. overall.",negative
"meri taraf se, teacher class me topic explain karte hain. overall.",neutral
"generally, course me theory aur practical dono hain! abhi tak!",neutral
Teacher students ko motivate nahi karte.,negative
"meri taraf se, faculty bilkul supportive nahi hai. overall.",negative
The lessons are engaging and interesting.,positive
"Generally, class ka environment bahut achha hai. abhi tak.",positive
study material kaafi achha hai. classes ke during.,positive
"In my experience, The faculty is not supportive. In the course.",negative
"mere according, study material kaafi achha hai!",positive
"Mere according, teacher concepts ko clearly samjhate hain. course me.",positive
Teacher questions ko properly explain nahi karte. classes ke during.,negative
"In my experience, The study material is incomplete! For the students!",negative
"generally, study material complete nahi milta. abhi tak.",negative
"mere according, course me theory aur practical dono hain! course me!",neutral
"In my experience, The practical sessions are very useful.",positive
I feel that The class follows the planned timetable. At present.,neutral
"Generally, The class follows the planned timetable. During the classes.",neutral
Mujhe lagta hai ki faculty regular lectures leti hai. abhi tak.,neutral
"meri taraf se, class timetable ke according chalti hai. course me.",neutral
"generally, teacher bahut achha padhate hain. abhi tak.",positive
Teacher lecture me examples dete hain.,neutral
Study material complete nahi milta. mere according.,negative
"From my side, The lessons are boring and difficult to follow. At present.",negative
"meri taraf se, faculty bahut supportive hai! overall!",positive
"Overall, The teacher does not encourage students. In the course.",negative
teacher lecture me examples dete hain! classes ke during!,neutral
"Overall, class me topics samajh nahi aate hain. course me.",negative
"overall, lectures interesting aur informative hain. mere according.",positive
"Generally, The classroom environment is excellent. At present.",positive
"Generally, The faculty conducts lectures regularly. In my opinion.",neutral
"generally, teacher study material provide karte hain. overall.",neutral
teacher questions ko properly explain nahi karte. classes ke during.,negative
"For me, The instructor discusses the assigned topics. Overall.",neutral
I feel that The lectures are difficult to understand. Overall.,negative
"For me, The study material is well organized. For the students.",positive
"Overall, The instructor gives helpful examples! In the course!",positive
mujhe lagta hai ki lectures interesting aur informative hain. overall.,positive
"mere according, teacher mujhe achhe se nahi padhate hain. students ke liye.",negative
"meri taraf se, teacher questions ko patiently solve karte hain. students ke liye.",positive
"generally, practical sessions useful nahi hain. classes ke during.",negative
mujhe lagta hai ki faculty bahut supportive hai! abhi tak!,positive
"Generally, the practical sessions are very useful. during the classes.",positive
"overall, faculty bahut supportive hai. course me.",positive
I feel that The teacher gives examples during lectures. Overall.,neutral
The faculty is not supportive.,negative
"Overall, The teacher does not encourage students.",negative
"From my side, The instructor discusses the assigned topics. At present.",neutral
"In my experience, The lessons are engaging and interesting.",positive
"overall, class timetable ke according chalti hai. course me.",neutral
"In my experience, The class starts according to the schedule!",neutral
teacher bahut achha padhate hain! classes ke during!,positive
"For me, The teacher answers questions patiently. Overall.",positive
"From my side, The lessons are engaging and interesting. Overall.",positive
"generally, students regular class attend karte hain. classes ke during.",neutral
"Generally, students regular class attend karte hain. classes ke during.",neutral
practical session laboratory me hota hai.,neutral
"Mere according, teacher concepts ko clearly samjhate hain. students ke liye.",positive
"meri taraf se, class ka environment bahut achha hai. course me.",positive
I feel that The lessons are engaging and interesting. Overall.,positive
"overall, teacher assigned topics discuss karte hain. mere according.",neutral
"mere according, teacher students ko motivate nahi karte. students ke liye.",negative
"From my side, The teacher encourages students to participate. Overall.",positive
"Generally, The lessons are engaging and interesting! At present!",positive
mujhe lagta hai ki class timetable ke according chalti hai. abhi tak.,neutral
"For me, The study material is incomplete. Overall.",negative
"For me, The instructor gives helpful examples. Overall.",positive
"meri taraf se, teacher concepts ko clearly samjhate hain! overall!",positive
"For me, The lectures are informative and easy to follow. In the course.",positive
"Generally, The teacher does not answer questions clearly. At present.",negative
"Experience ke according, faculty bilkul supportive nahi hai. abhi tak.",negative
mujhe lagta hai ki course me theory aur practical dono hain. overall.,neutral
"For me, the teacher encourages students to participate. for the students.",positive
course me theory aur practical dono hain. mere according.,neutral
"experience ke according, class ka environment achha nahi hai! abhi tak!",negative
"overall, class ka environment achha nahi hai.",negative
"Overall, teacher study material provide karte hain.",neutral
"experience ke according, teacher assigned topics discuss karte hain. classes ke during.",neutral
I feel that The teacher answers questions patiently. At present.,positive
I feel that The teacher provides study material. At present.,neutral
"meri taraf se, students regular class attend karte hain. students ke liye.",neutral
"generally, class ka environment achha nahi hai. classes ke during.",negative
"mere according, course me theory aur practical dono hain. course me.",neutral
"For me, The teacher does not explain concepts properly. In the course.",negative
"Generally, The study material is incomplete. During the classes.",negative
"From my side, The study material is well organized. During the classes.",positive
"From my side, the faculty is not supportive! during the classes!",negative
The faculty conducts lectures regularly. during the classes.,neutral
"In my experience, The class follows the planned timetable. For the students.",neutral
"generally, practical session laboratory me hota hai. classes ke during.",neutral
"For me, The practical sessions are very useful. For the students.",positive
I feel that The teacher does not answer questions clearly. Overall.,negative
"From my side, The practical sessions are not useful! During the classes!",negative
"Overall, class ka environment bahut achha hai. mere according.",positive
I feel that The teacher explains concepts clearly. Overall.,positive
"mere according, lectures interesting aur informative hain. students ke liye.",positive
"Meri taraf se, class ka environment achha nahi hai. students ke liye.",negative
mujhe lagta hai ki teacher lecture me examples dete hain. overall.,neutral
teacher mujhe achhe se nahi padhate hain. classes ke during.,negative
"In my experience, The classroom environment is excellent.",positive
"generally, teacher concepts ko clearly samjhate hain. abhi tak.",positive
"Overall, The teacher does not encourage students. In my opinion.",negative
"From my side, The practical sessions are very useful. Overall.",positive
"meri taraf se, study material complete nahi milta! students ke liye!",negative
"In my experience, the practical sessions are very useful. for the students.",positive
"Experience ke according, class me topics samajh nahi aate hain. classes ke during.",negative
"Generally, The teacher encourages students to participate. During the classes.",positive
"experience ke according, teacher students ko motivate karte hain. abhi tak.",positive
"generally, lectures interesting aur informative hain. overall.",positive
"From my side, The teacher answers questions patiently. During the classes.",positive
"For me, The teacher encourages students to participate. For the students.",positive
"experience ke according, teacher lecture me examples dete hain. classes ke during.",neutral
"mere according, teacher class me topic explain karte hain. course me.",neutral
teacher students ko motivate karte hain. classes ke during.,positive
"overall, practical sessions bahut useful hain.",positive
"For me, The practical sessions are not useful. In the course.",negative
mujhe lagta hai ki study material kaafi achha hai! overall!,positive
"For me, The practical sessions are very useful. In the course.",positive
"In my experience, The teacher does not explain concepts properly. For the students.",negative
class timetable ke according chalti hai. mere according.,neutral
"For me, the practical session is conducted in the laboratory. overall.",neutral
Mujhe lagta hai ki practical sessions useful nahi hain. students ke liye.,negative
mujhe lagta hai ki faculty bilkul supportive nahi hai! abhi tak!,negative
"Meri taraf se, lectures boring aur difficult lagte hain. overall.",negative
"Generally, The instructor discusses the assigned topics. At present.",neutral
"generally, practical sessions bahut useful hain. abhi tak.",positive
mujhe lagta hai ki teacher questions ko patiently solve karte hain. abhi tak.,positive
The classroom environment is not good.,negative
"experience ke according, class me topics samajh nahi aate hain. abhi tak.",negative
"overall, teacher students ko motivate nahi karte.",negative
"In my experience, The teacher encourages students to participate. In the course.",positive
faculty bahut supportive hai. classes ke during.,positive
"overall, teacher questions ko properly explain nahi karte.",negative
"experience ke according, teacher assigned topics discuss karte hain. mere according.",neutral
"From my side, The course includes both theory and practical sessions. During the classes.",neutral
faculty bilkul supportive nahi hai. mere according.,negative
"meri taraf se, teacher concepts ko clearly samjhate hain. course me.",positive
Mujhe lagta hai ki course me theory aur practical dono hain. overall.,neutral
"Meri taraf se, students regular class attend karte hain. overall.",neutral
I feel that The teacher explains concepts clearly! For the students!,positive
"overall, teacher class me topic explain karte hain. mere according.",neutral
mujhe lagta hai ki study material kaafi achha hai. overall.,positive
teacher ka explanation confusing hota hai.,negative
"overall, class scheduled time par start hoti hai! course me!",neutral
"overall, teacher study material provide karte hain.",neutral
teacher ka explanation confusing hota hai. mere according.,negative
"overall, faculty regular lectures leti hai. mere according.",neutral
"Experience ke according, class timetable ke according chalti hai. mere according.",neutral
"meri taraf se, lectures interesting aur informative hain. students ke liye.",positive
"meri taraf se, faculty regular lectures leti hai. course me.",neutral
practical sessions bahut useful hain. classes ke during.,positive
"experience ke according, class timetable ke according chalti hai. abhi tak.",neutral
"In my experience, The lessons are engaging and interesting. For the students.",positive
The teacher does not answer questions clearly. During the classes.,negative
"overall, teacher lecture me examples dete hain.",neutral
"For me, The class starts according to the schedule. For the students.",neutral
"In my experience, the classroom environment is not good. for the students.",negative
"generally, faculty regular lectures leti hai. classes ke during.",neutral
Mujhe lagta hai ki teacher bahut achha padhate hain. abhi tak.,positive
"experience ke according, teacher questions ko properly explain nahi karte. mere according.",negative
"Mere according, teacher study material provide karte hain.",neutral
"mere according, teacher bahut achha padhate hain.",positive
mujhe lagta hai ki teacher bahut achha padhate hain! abhi tak!,positive
"meri taraf se, practical sessions bahut useful hain. overall.",positive
"experience ke according, class ka environment achha nahi hai. classes ke during.",negative
"In my experience, The faculty is very supportive!",positive
"experience ke according, teacher students ko motivate karte hain! mere according!",positive
"generally, class me topics samajh nahi aate hain. overall.",negative
I feel that The teacher explains the topic during the class. Overall.,neutral
teacher students ko motivate nahi karte! mere according!,negative
"Overall, class ka environment achha nahi hai. mere according.",negative
"experience ke according, students regular class attend karte hain. classes ke during.",neutral
"meri taraf se, teacher ka explanation confusing hota hai. course me.",negative
"mere according, class ka environment bahut achha hai. students ke liye.",positive
mujhe lagta hai ki faculty bahut supportive hai. students ke liye.,positive
"In my experience, the instructor gives confusing explanations.",negative
"meri taraf se, teacher questions ko properly explain nahi karte. course me.",negative
"experience ke according, class me topics easily samajh aa jate hain! mere according!",positive
"generally, class me topics samajh nahi aate hain. abhi tak.",negative
"meri taraf se, teacher students ko motivate karte hain! students ke liye!",positive
"mere according, study material complete nahi milta. students ke liye.",negative
"Meri taraf se, class me topics samajh nahi aate hain. course me.",negative
Mujhe lagta hai ki faculty regular lectures leti hai. students ke liye.,neutral
Mujhe lagta hai ki teacher ka explanation confusing hota hai. abhi tak.,negative
I feel that The practical sessions are not useful! At present!,negative
mujhe lagta hai ki course me theory aur practical dono hain. abhi tak.,neutral
I feel that The teacher gives examples during lectures. For the students.,neutral
"Meri taraf se, teacher study material provide karte hain. course me.",neutral
"For me, The classroom environment is not good. Overall.",negative
"overall, study material complete nahi milta.",negative
teacher concepts ko clearly samjhate hain. mere according.,positive
"experience ke according, class ka environment bahut achha hai. classes ke during.",positive
"Experience ke according, teacher mujhe achhe se nahi padhate hain. classes ke during.",negative
Practical sessions useful nahi hain. classes ke during.,negative
"mere according, practical sessions bahut useful hain. course me.",positive
"experience ke according, practical sessions bahut useful hain. abhi tak.",positive
"In my experience, The lessons are boring and difficult to follow. For the students.",negative
"Overall, class ka environment bahut achha hai! mere according!",positive
"overall, students regular class attend karte hain. course me.",neutral
"experience ke according, teacher lecture me examples dete hain! mere according!",neutral
"Overall, The faculty conducts lectures regularly. In my opinion.",neutral
"Meri taraf se, teacher assigned topics discuss karte hain. overall.",neutral
"In my experience, The teacher does not answer questions clearly!",negative
The faculty is not supportive. In my opinion.,negative
"In my experience, The lectures are informative and easy to follow.",positive
"Overall, The faculty is very supportive. In the course.",positive
teacher study material provide karte hain. mere according.,neutral
"Generally, The study material is well organized. In my opinion.",positive
"From my side, The students attend the scheduled classes. At present.",neutral
"For me, The classroom environment is not good. In the course.",negative
lectures interesting aur informative hain! classes ke during!,positive
"generally, teacher study material provide karte hain. classes ke during.",neutral
"overall, faculty bilkul supportive nahi hai! course me!",negative
"meri taraf se, teacher ka explanation confusing hota hai. overall.",negative
"Generally, students regular class attend karte hain! classes ke during!",neutral
"experience ke according, teacher concepts ko clearly samjhate hain. mere according.",positive
"generally, class timetable ke according chalti hai. classes ke during.",neutral
I feel that The faculty is very supportive. At present.,positive
"meri taraf se, practical session laboratory me hota hai! students ke liye!",neutral
mujhe lagta hai ki study material complete nahi milta. abhi tak.,negative
"In my experience, The study material is incomplete. In the course.",negative
mujhe lagta hai ki teacher questions ko patiently solve karte hain. students ke liye.,positive
mujhe lagta hai ki faculty bilkul supportive nahi hai. overall.,negative
teacher questions ko patiently solve karte hain. classes ke during.,positive
"In my experience, The students attend the scheduled classes. In the course.",neutral
"Generally, teacher students ko motivate nahi karte. abhi tak.",negative
"In my experience, the practical session is conducted in the laboratory. in the course.",neutral
"For me, The teacher provides study material. Overall.",neutral
I feel that The teacher explains concepts clearly. For the students.,positive
Class ka environment bahut achha hai.,positive
mujhe lagta hai ki faculty bahut supportive hai. abhi tak.,positive
"generally, practical sessions bahut useful hain. classes ke during.",positive
"overall, teacher students ko motivate karte hain. course me.",positive
"Meri taraf se, practical sessions useful nahi hain. course me.",negative
mujhe lagta hai ki teacher bahut achha padhate hain. overall.,positive
"Generally, The teacher does not explain concepts properly. In my opinion.",negative
"In my experience, The instructor discusses the assigned topics. In the course.",neutral
"Overall, The practical sessions are very useful. In my opinion.",positive
"Overall, The teacher explains the topic during the class. In the course.",neutral
"experience ke according, study material complete nahi milta. mere according.",negative
"Generally, The teacher answers questions patiently. In my opinion.",positive
Mujhe lagta hai ki teacher bahut achha padhate hain. students ke liye.,positive
"Meri taraf se, faculty bahut supportive hai. course me.",positive
"experience ke according, faculty regular lectures leti hai! mere according!",neutral
"generally, teacher questions ko properly explain nahi karte. overall.",negative
"Generally, The teacher encourages students to participate. At present.",positive
"mere according, teacher questions ko properly explain nahi karte. students ke liye.",negative
"From my side, the lectures are difficult to understand. overall.",negative
"experience ke according, teacher questions ko patiently solve karte hain. mere according.",positive
"Generally, The teacher explains the topic during the class. At present.",neutral
"meri taraf se, practical sessions bahut useful hain. course me.",positive
Practical sessions useful nahi hain. mere according.,negative
"In my experience, The faculty is very supportive.",positive
"overall, class me topics easily samajh aa jate hain!",positive
"For me, The teacher does not encourage students. In the course.",negative
"In my experience, The teacher gives examples during lectures.",neutral
"In my experience, The lessons are engaging and interesting. In the course.",positive
"In my experience, The instructor gives confusing explanations. In the course.",negative
"generally, teacher questions ko patiently solve karte hain. classes ke during.",positive
"mere according, practical session laboratory me hota hai. course me.",neutral
"For me, The instructor gives confusing explanations. Overall.",negative
"mere according, study material kaafi achha hai.",positive
faculty regular lectures leti hai! classes ke during!,neutral
"Generally, The students attend the scheduled classes. At present.",neutral
"overall, teacher lecture me examples dete hain. mere according.",neutral
"Overall, The teacher gives examples during lectures. In the course.",neutral
"Mere according, study material complete nahi milta. course me.",negative
mujhe lagta hai ki teacher students ko motivate karte hain! abhi tak!,positive
"In my experience, The teacher explains the topic during the class. In the course.",neutral
"overall, class timetable ke according chalti hai. mere according.",neutral
The classroom environment is excellent.,positive
mujhe lagta hai ki class timetable ke according chalti hai. overall.,neutral
"Mere according, class scheduled time par start hoti hai. students ke liye.",neutral
"experience ke according, faculty regular lectures leti hai. mere according.",neutral
"meri taraf se, teacher assigned topics discuss karte hain! students ke liye!",neutral
"generally, practical session laboratory me hota hai. overall.",neutral
Teacher questions ko properly explain nahi karte.,negative
"Overall, class me topics easily samajh aa jate hain. mere according.",positive
"Generally, The teacher does not explain concepts properly. At present.",negative
"Overall, the study material is well organized.",positive
"mere according, teacher ka explanation confusing hota hai. students ke liye.",negative
"For me, the classroom environment is excellent. for the students.",positive
"In my experience, The teacher explains concepts clearly.",positive
"Meri taraf se, faculty regular lectures leti hai. overall.",neutral
class ka environment achha nahi hai. classes ke during.,negative
"mere according, course me theory aur practical dono hain.",neutral
"In my experience, The teacher does not encourage students. In the course.",negative
mujhe lagta hai ki teacher mujhe achhe se nahi padhate hain. students ke liye.,negative
"For me, The faculty is very supportive. For the students.",positive
"meri taraf se, class me topics easily samajh aa jate hain! course me!",positive
"meri taraf se, teacher concepts ko clearly samjhate hain. overall.",positive
"For me, The class follows the planned timetable. In the course.",neutral
"overall, teacher ka explanation confusing hota hai.",negative
"Overall, The class starts according to the schedule! In the course!",neutral
"overall, class timetable ke according chalti hai.",neutral
"generally, teacher bahut achha padhate hain. classes ke during.",positive
mujhe lagta hai ki practical session laboratory me hota hai! abhi tak!,neutral
I feel that The lectures are informative and easy to follow. Overall.,positive
study material kaafi achha hai. mere according.,positive
practical sessions useful nahi hain. mere according.,negative
The instructor gives confusing explanations! During the classes!,negative
"Overall, teacher lecture me examples dete hain.",neutral
"Overall, The teacher encourages students to participate. In the course.",positive
mujhe lagta hai ki practical session laboratory me hota hai. overall.,neutral
mujhe lagta hai ki faculty bilkul supportive nahi hai. abhi tak.,negative
"meri taraf se, faculty regular lectures leti hai. overall.",neutral
The teacher provides study material. In my opinion.,neutral
"overall, class me topics easily samajh aa jate hain.",positive
"Overall, practical sessions useful nahi hain. mere according.",negative
Students regular class attend karte hain. classes ke during.,neutral
"Overall, lectures boring aur difficult lagte hain.",negative
"Overall, the students attend the scheduled classes. in my opinion.",neutral
"Experience ke according, class timetable ke according chalti hai. classes ke during.",neutral
"mere according, teacher students ko motivate nahi karte.",negative
The instructor gives helpful examples. In my opinion.,positive
"Meri taraf se, class timetable ke according chalti hai! students ke liye!",neutral
"Generally, The instructor discusses the assigned topics. In my opinion.",neutral
"Generally, The lessons are engaging and interesting. In my opinion.",positive
"Overall, study material kaafi achha hai. mere according.",positive
"Overall, practical sessions bahut useful hain.",positive
"Experience ke according, study material kaafi achha hai. abhi tak.",positive
"Experience ke according, teacher questions ko patiently solve karte hain. mere according.",positive
"meri taraf se, class me topics easily samajh aa jate hain. overall.",positive
students regular class attend karte hain!,neutral
teacher students ko motivate karte hain. mere according.,positive
"meri taraf se, teacher assigned topics discuss karte hain. overall.",neutral
"experience ke according, class scheduled time par start hoti hai. mere according.",neutral
mujhe lagta hai ki class scheduled time par start hoti hai. students ke liye.,neutral
"generally, teacher assigned topics discuss karte hain. overall.",neutral
"generally, students regular class attend karte hain. overall.",neutral
"meri taraf se, teacher concepts ko clearly samjhate hain! students ke liye!",positive
"In my experience, The study material is well organized. For the students.",positive
"Overall, The faculty is not supportive.",negative
"overall, class me topics samajh nahi aate hain.",negative
"Generally, the teacher gives examples during lectures. during the classes.",neutral
"meri taraf se, teacher lecture me examples dete hain. course me.",neutral
"Mere according, teacher class me topic explain karte hain. course me.",neutral
"experience ke according, teacher questions ko properly explain nahi karte! mere according!",negative
"Experience ke according, teacher ka explanation confusing hota hai. mere according.",negative
"Generally, practical sessions bahut useful hain. overall.",positive
"From my side, The class starts according to the schedule. During the classes.",neutral
"In my experience, The instructor gives helpful examples. For the students.",positive
lectures boring aur difficult lagte hain. classes ke during.,negative
The lectures are difficult to understand. In my opinion.,negative
"Experience ke according, study material complete nahi milta. classes ke during.",negative
"Overall, study material kaafi achha hai. course me.",positive
"experience ke according, practical session laboratory me hota hai. classes ke during.",neutral
"Generally, The lessons are boring and difficult to follow! During the classes!",negative
"generally, students regular class attend karte hain. abhi tak.",neutral
mujhe lagta hai ki teacher students ko motivate karte hain. abhi tak.,positive
"generally, study material kaafi achha hai. abhi tak.",positive
mujhe lagta hai ki students regular class attend karte hain. abhi tak.,neutral
"In my experience, The lectures are difficult to understand.",negative
"In my experience, The faculty conducts lectures regularly. In the course.",neutral
teacher students ko motivate karte hain! mere according!,positive
"meri taraf se, class ka environment bahut achha hai. overall.",positive
practical sessions bahut useful hain! mere according!,positive
"Mere according, lectures interesting aur informative hain.",positive
mujhe lagta hai ki teacher study material provide karte hain. overall.,neutral
"In my experience, The students attend the scheduled classes.",neutral
I feel that the course includes both theory and practical sessions. at present.,neutral
"generally, teacher class me topic explain karte hain. classes ke during.",neutral
"From my side, The practical sessions are not useful. At present.",negative
Teacher concepts ko clearly samjhate hain. classes ke during.,positive
"overall, faculty bilkul supportive nahi hai. mere according.",negative
"From my side, the course includes both theory and practical sessions. during the classes.",neutral
teacher study material provide karte hain!,neutral
mujhe lagta hai ki teacher questions ko patiently solve karte hain. overall.,positive
"Experience ke according, teacher lecture me examples dete hain. mere according.",neutral
"experience ke according, teacher students ko motivate nahi karte! abhi tak!",negative
"experience ke according, class scheduled time par start hoti hai. classes ke during.",neutral
"Overall, The lectures are informative and easy to follow. In the course.",positive
I feel that The lectures are informative and easy to follow! Overall!,positive
practical session laboratory me hota hai. classes ke during.,neutral
The faculty is not supportive! In my opinion!,negative
"Generally, The classroom environment is not good. At present.",negative
I feel that The class follows the planned timetable. For the students.,neutral
"From my side, The practical session is conducted in the laboratory. Overall.",neutral
"Overall, The faculty conducts lectures regularly. In the course.",neutral
"Generally, The lectures are difficult to understand. During the classes.",negative
The lectures are difficult to understand. During the classes.,negative
practical session laboratory me hota hai. mere according.,neutral
"meri taraf se, teacher questions ko properly explain nahi karte. students ke liye.",negative
The teacher provides study material. in my opinion.,neutral
"mere according, class ka environment bahut achha hai! course me!",positive
"In my experience, The teacher does not encourage students.",negative
"Overall, The lessons are boring and difficult to follow. In the course.",negative
"Overall, The classroom environment is not good. In the course.",negative
"From my side, The teacher does not answer questions clearly! At present!",negative
"meri taraf se, faculty bahut supportive hai. students ke liye.",positive
"Experience ke according, teacher students ko motivate karte hain. abhi tak.",positive
"From my side, The practical sessions are not useful. During the classes.",negative
"In my experience, The practical sessions are not useful. In the course.",negative
"mere according, practical session laboratory me hota hai. students ke liye.",neutral
"generally, class timetable ke according chalti hai. overall.",neutral
mujhe lagta hai ki practical sessions bahut useful hain! students ke liye!,positive
"In my experience, the faculty is very supportive.",positive
"Overall, the instructor gives helpful examples. in my opinion.",positive
"mere according, lectures interesting aur informative hain!",positive
class scheduled time par start hoti hai. classes ke during.,neutral
"meri taraf se, teacher class me topic explain karte hain. students ke liye.",neutral
"Overall, The teacher explains concepts clearly.",positive
class me topics samajh nahi aate hain! mere according!,negative
The classroom environment is not good. During the classes.,negative
I feel that The study material is incomplete. For the students.,negative
mujhe lagta hai ki lectures boring aur difficult lagte hain! overall!,negative
"generally, class ka environment bahut achha hai. classes ke during.",positive
"For me, The teacher provides study material. In the course.",neutral
"Overall, The classroom environment is not good. In my opinion.",negative
"Generally, The teacher explains concepts clearly. At present.",positive
Class scheduled time par start hoti hai! mere according!,neutral
"overall, practical sessions useful nahi hain. course me.",negative
"meri taraf se, practical sessions useful nahi hain. students ke liye.",negative
"Overall, The teacher answers questions patiently.",positive
I feel that The lectures are informative and easy to follow. For the students.,positive
"meri taraf se, class me topics samajh nahi aate hain. course me.",negative
I feel that The faculty is not supportive. At present.,negative
teacher students ko motivate nahi karte. mere according.,negative
"Overall, The teacher gives examples during lectures! In the course!",neutral
"In my experience, The course includes both theory and practical sessions.",neutral
"For me, The study material is well organized. Overall.",positive
The lessons are engaging and interesting. In my opinion.,positive
"meri taraf se, teacher mujhe achhe se nahi padhate hain. students ke liye.",negative
I feel that The course includes both theory and practical sessions. At present.,neutral
"In my experience, The teacher gives examples during lectures. In the course.",neutral
"From my side, the instructor gives helpful examples. during the classes.",positive
"From my side, the teacher explains concepts clearly. at present.",positive
"generally, practical sessions bahut useful hain. overall.",positive
"Generally, The lessons are engaging and interesting. At present.",positive
"Generally, The teacher gives examples during lectures. During the classes.",neutral
"Overall, The lectures are informative and easy to follow.",positive
I feel that The classroom environment is excellent! For the students!,positive
"overall, class scheduled time par start hoti hai. mere according.",neutral
"Mere according, class me topics samajh nahi aate hain. course me.",negative
I feel that The faculty conducts lectures regularly. Overall.,neutral
"Overall, The teacher gives examples during lectures. In my opinion.",neutral
"From my side, the class follows the planned timetable. during the classes.",neutral
mujhe lagta hai ki teacher students ko motivate nahi karte! overall!,negative
"Overall, The practical session is conducted in the laboratory. In the course.",neutral
"meri taraf se, practical sessions useful nahi hain. overall.",negative
"mere according, class me topics samajh nahi aate hain. course me.",negative
The class follows the planned timetable. During the classes.,neutral
"mere according, class me topics easily samajh aa jate hain! course me!",positive
"overall, practical sessions bahut useful hain. course me.",positive
"From my side, The classroom environment is not good. At present.",negative
"generally, teacher students ko motivate karte hain! classes ke during!",positive
"mere according, class me topics samajh nahi aate hain. students ke liye.",negative
I feel that The instructor discusses the assigned topics. Overall.,neutral
"From my side, The teacher gives examples during lectures. Overall.",neutral
"overall, class scheduled time par start hoti hai. course me.",neutral
"overall, teacher study material provide karte hain!",neutral
"experience ke according, teacher ka explanation confusing hota hai. mere according.",negative
"overall, class ka environment achha nahi hai! course me!",negative
class ka environment achha nahi hai.,negative
"Overall, The teacher does not explain concepts properly. In my opinion.",negative
"meri taraf se, faculty bilkul supportive nahi hai! course me!",negative
class timetable ke according chalti hai!,neutral
mujhe lagta hai ki class me topics easily samajh aa jate hain. overall.,positive
"Overall, The study material is well organized. In the course.",positive
"Generally, The teacher does not answer questions clearly. During the classes.",negative
"Overall, teacher mujhe achhe se nahi padhate hain! course me!",negative
"generally, class me topics easily samajh aa jate hain. classes ke during.",positive
"In my experience, The lectures are difficult to understand. For the students.",negative
"Generally, The teacher encourages students to participate. In my opinion.",positive
"meri taraf se, teacher assigned topics discuss karte hain. course me.",neutral
"Experience ke according, teacher class me topic explain karte hain. mere according.",neutral
"meri taraf se, practical sessions useful nahi hain! students ke liye!",negative
Teacher ka explanation confusing hota hai. mere according.,negative
"Generally, The course includes both theory and practical sessions. In my opinion.",neutral
"Overall, The study material is well organized.",positive
"overall, teacher class me topic explain karte hain. course me.",neutral
"Meri taraf se, course me theory aur practical dono hain. course me.",neutral
"Mere according, teacher mujhe achhe se nahi padhate hain. students ke liye.",negative
"For me, the class starts according to the schedule. for the students.",neutral
"Overall, teacher students ko motivate nahi karte.",negative
"meri taraf se, teacher questions ko patiently solve karte hain. overall.",positive
"overall, teacher bahut achha padhate hain! course me!",positive
Practical sessions useful nahi hain.,negative
"For me, The study material is incomplete. For the students.",negative
teacher questions ko properly explain nahi karte. mere according.,negative
"For me, The study material is well organized! In the course!",positive
"Overall, lectures interesting aur informative hain.",positive
"Experience ke according, teacher assigned topics discuss karte hain. classes ke during.",neutral
teacher assigned topics discuss karte hain. mere according.,neutral
I feel that the practical session is conducted in the laboratory. overall.,neutral
"Meri taraf se, class me topics samajh nahi aate hain. students ke liye.",negative
The teacher explains concepts clearly.,positive
"Overall, The teacher provides study material. In my opinion.",neutral
The practical sessions are very useful.,positive
"For me, The lessons are engaging and interesting. In the course.",positive
"Generally, The class starts according to the schedule. In my opinion.",neutral
"Meri taraf se, teacher students ko motivate nahi karte. students ke liye.",negative
"Overall, The class starts according to the schedule. In the course.",neutral
"Generally, class me topics easily samajh aa jate hain. abhi tak.",positive
"From my side, The teacher explains the topic during the class. Overall.",neutral
"For me, the study material is incomplete. for the students.",negative
"From my side, the class starts according to the schedule. during the classes.",neutral
I feel that The course includes both theory and practical sessions. Overall.,neutral
Teacher concepts ko clearly samjhate hain. mere according.,positive
"For me, the teacher explains concepts clearly. overall.",positive
class ka environment bahut achha hai! mere according!,positive
"Mere according, faculty regular lectures leti hai. students ke liye.",neutral
"In my experience, the lectures are informative and easy to follow.",positive
"mere according, faculty bahut supportive hai. course me.",positive
"Generally, The teacher explains concepts clearly! In my opinion!",positive
I feel that The teacher does not answer questions clearly. For the students.,negative
The teacher gives examples during lectures.,neutral
"From my side, The classroom environment is not good. During the classes.",negative
"In my experience, the teacher explains concepts clearly. in the course.",positive
"generally, teacher students ko motivate nahi karte. overall.",negative
mujhe lagta hai ki teacher class me topic explain karte hain. abhi tak.,neutral
"Mere according, study material kaafi achha hai!",positive
"From my side, The teacher does not explain concepts properly. During the classes.",negative
course me theory aur practical dono hain.,neutral
The faculty is very supportive.,positive
mujhe lagta hai ki class me topics easily samajh aa jate hain. students ke liye.,positive
"For me, the lectures are informative and easy to follow. for the students.",positive
"In my experience, The teacher does not encourage students. For the students.",negative
"For me, The teacher does not explain concepts properly. For the students.",negative
"overall, teacher bahut achha padhate hain. course me.",positive
"For me, The class starts according to the schedule. Overall.",neutral
mujhe lagta hai ki class scheduled time par start hoti hai! overall!,neutral
"Overall, The instructor gives confusing explanations.",negative
"overall, study material complete nahi milta. course me.",negative
"From my side, The lectures are difficult to understand. At present.",negative
"Generally, course me theory aur practical dono hain. abhi tak.",neutral
"meri taraf se, students regular class attend karte hain. course me.",neutral
"Overall, teacher class me topic explain karte hain!",neutral
"meri taraf se, class ka environment achha nahi hai. course me.",negative
mujhe lagta hai ki class me topics samajh nahi aate hain. students ke liye.,negative
"For me, The practical sessions are not useful. For the students.",negative
I feel that The teacher provides study material. For the students.,neutral
"generally, faculty bahut supportive hai. classes ke during.",positive
"Generally, the lessons are boring and difficult to follow! during the classes!",negative
"Generally, The practical session is conducted in the laboratory. During the classes.",neutral
The lessons are boring and difficult to follow! In my opinion!,negative
"Generally, teacher lecture me examples dete hain. abhi tak.",neutral
"mere according, students regular class attend karte hain. course me.",neutral
"In my experience, The practical sessions are not useful.",negative
"meri taraf se, teacher questions ko patiently solve karte hain! students ke liye!",positive
"mere according, study material complete nahi milta. course me.",negative
"Meri taraf se, study material kaafi achha hai! students ke liye!",positive
"Generally, The class follows the planned timetable. In my opinion.",neutral
"From my side, The instructor discusses the assigned topics! Overall!",neutral
"Experience ke according, lectures boring aur difficult lagte hain. abhi tak.",negative
I feel that The lectures are difficult to understand. At present.,negative
"In my experience, The instructor discusses the assigned topics. For the students.",neutral
"Overall, the teacher provides study material.",neutral
mujhe lagta hai ki students regular class attend karte hain! students ke liye!,neutral
Mujhe lagta hai ki teacher bahut achha padhate hain! students ke liye!,positive
Mujhe lagta hai ki teacher assigned topics discuss karte hain. overall.,neutral
"In my experience, The class follows the planned timetable. In the course.",neutral
"Overall, teacher questions ko properly explain nahi karte. course me.",negative
"generally, study material complete nahi milta! overall!",negative
"mere according, teacher mujhe achhe se nahi padhate hain.",negative
Mujhe lagta hai ki practical session laboratory me hota hai. overall.,neutral
"Mere according, faculty bahut supportive hai.",positive
"overall, practical sessions useful nahi hain. mere according.",negative
"Overall, The faculty is very supportive. In my opinion.",positive
The instructor gives helpful examples.,positive
"Experience ke according, faculty bahut supportive hai. mere according.",positive
"From my side, The faculty is not supportive. Overall.",negative
"experience ke according, teacher class me topic explain karte hain. mere according.",neutral
"Generally, the teacher does not explain concepts properly. at present.",negative
"Generally, the classroom environment is excellent. in my opinion.",positive
"From my side, The teacher does not explain concepts properly! Overall!",negative
"experience ke according, study material kaafi achha hai! mere according!",positive
I feel that The teacher does not encourage students. Overall.,negative
"Generally, The teacher explains concepts clearly. During the classes.",positive
"Meri taraf se, teacher mujhe achhe se nahi padhate hain. students ke liye.",negative
Teacher mujhe achhe se nahi padhate hain. classes ke during.,negative
"Generally, The teacher explains the topic during the class. During the classes.",neutral
"In my experience, The lessons are boring and difficult to follow.",negative
Mujhe lagta hai ki teacher class me topic explain karte hain. overall.,neutral
"Generally, The course includes both theory and practical sessions! In my opinion!",neutral
"Generally, The faculty is not supportive. During the classes.",negative
"Generally, lectures interesting aur informative hain. abhi tak.",positive
"mere according, faculty bilkul supportive nahi hai. students ke liye.",negative
The class starts according to the schedule. In my opinion.,neutral
"experience ke according, teacher students ko motivate karte hain. mere according.",positive
"Overall, The class starts according to the schedule.",neutral
Mujhe lagta hai ki class ka environment achha nahi hai. overall.,negative
"Generally, The instructor gives helpful examples. During the classes.",positive
"overall, practical sessions bahut useful hain! course me!",positive
"Overall, study material complete nahi milta. course me.",negative
"meri taraf se, class me topics samajh nahi aate hain. overall.",negative
"Overall, class timetable ke according chalti hai. mere according.",neutral
The class starts according to the schedule.,neutral
I feel that The practical sessions are not useful. Overall.,negative
Mujhe lagta hai ki teacher concepts ko clearly samjhate hain. students ke liye.,positive
I feel that The teacher does not encourage students. For the students.,negative
"Overall, faculty regular lectures leti hai. course me.",neutral
"From my side, The teacher answers questions patiently! During the classes!",positive
"mere according, faculty bilkul supportive nahi hai.",negative
"generally, teacher class me topic explain karte hain! classes ke during!",neutral
"mere according, teacher students ko motivate karte hain.",positive
"Generally, The practical session is conducted in the laboratory. At present.",neutral
"For me, The teacher answers questions patiently! In the course!",positive
"Experience ke according, faculty bahut supportive hai. classes ke during.",positive
"From my side, The instructor discusses the assigned topics! At present!",neutral
"mere according, class me topics easily samajh aa jate hain.",positive
"Overall, The study material is incomplete. In the course.",negative
"overall, faculty regular lectures leti hai.",neutral
"From my side, The practical sessions are very useful. At present.",positive
"overall, study material kaafi achha hai! mere according!",positive
class timetable ke according chalti hai. classes ke during.,neutral
"For me, The teacher encourages students to participate. Overall.",positive
"mere according, lectures boring aur difficult lagte hain!",negative
I feel that The classroom environment is not good. For the students.,negative
"Overall, course me theory aur practical dono hain. course me.",neutral
"From my side, The class starts according to the schedule. Overall.",neutral
"Meri taraf se, teacher lecture me examples dete hain. course me.",neutral
"For me, The teacher explains concepts clearly. Overall.",positive
Students regular class attend karte hain.,neutral
"Generally, faculty bahut supportive hai. classes ke during.",positive
Teacher questions ko patiently solve karte hain. mere according.,positive
"For me, The students attend the scheduled classes. For the students.",neutral
"meri taraf se, study material complete nahi milta! overall!",negative
"In my experience, the class starts according to the schedule. in the course.",neutral
"experience ke according, study material kaafi achha hai! abhi tak!",positive
The course includes both theory and practical sessions.,neutral
"overall, teacher class me topic explain karte hain.",neutral
"Generally, The study material is incomplete. In my opinion.",negative
practical session laboratory me hota hai! mere according!,neutral
I feel that The teacher gives examples during lectures. At present.,neutral
Lectures interesting aur informative hain.,positive
"mere according, teacher questions ko patiently solve karte hain. students ke liye.",positive
Mujhe lagta hai ki lectures boring aur difficult lagte hain. students ke liye.,negative
"Mere according, teacher concepts ko clearly samjhate hain!",positive
"For me, The teacher does not encourage students. For the students.",negative
"From my side, The lessons are engaging and interesting. At present.",positive
I feel that The instructor gives confusing explanations. At present.,negative
"overall, teacher bahut achha padhate hain.",positive
"In my experience, the teacher provides study material! in the course!",neutral
"Mere according, study material complete nahi milta.",negative
I feel that the teacher explains the topic during the class. for the students.,neutral
"meri taraf se, teacher class me topic explain karte hain. course me.",neutral
I feel that The study material is well organized. For the students.,positive
"Overall, The teacher answers questions patiently. In the course.",positive
"In my experience, The course includes both theory and practical sessions! In the course!",neutral
The faculty conducts lectures regularly. During the classes.,neutral
I feel that The classroom environment is not good. At present.,negative
"Generally, The lectures are informative and easy to follow! During the classes!",positive
"In my experience, The instructor gives helpful examples. In the course.",positive
"Generally, The study material is incomplete. At present.",negative
"experience ke according, practical sessions useful nahi hain. classes ke during.",negative
"Overall, The study material is incomplete.",negative
The study material is well organized.,positive
The teacher explains the topic during the class. During the classes.,neutral
"experience ke according, practical sessions useful nahi hain! mere according!",negative
The teacher answers questions patiently. In my opinion.,positive
"mere according, teacher assigned topics discuss karte hain! students ke liye!",neutral
Mujhe lagta hai ki teacher class me topic explain karte hain. abhi tak.,neutral
teacher concepts ko clearly samjhate hain!,positive
Mujhe lagta hai ki students regular class attend karte hain. overall.,neutral
"Mere according, teacher bahut achha padhate hain.",positive
"For me, The lessons are boring and difficult to follow. In the course.",negative
"For me, the instructor gives confusing explanations. for the students.",negative
Mujhe lagta hai ki teacher questions ko properly explain nahi karte. abhi tak.,negative
"Generally, The class follows the planned timetable. At present.",neutral
"generally, teacher concepts ko clearly samjhate hain! overall!",positive
class scheduled time par start hoti hai. mere according.,neutral
teacher ka explanation confusing hota hai! mere according!,negative
"In my experience, The classroom environment is excellent. In the course.",positive
"Generally, The practical sessions are very useful. During the classes.",positive
"experience ke according, faculty regular lectures leti hai. abhi tak.",neutral
"Overall, The class follows the planned timetable. In my opinion.",neutral
mujhe lagta hai ki class me topics easily samajh aa jate hain! overall!,positive
"meri taraf se, teacher lecture me examples dete hain. students ke liye.",neutral
"overall, class scheduled time par start hoti hai!",neutral
"From my side, The classroom environment is excellent. At present.",positive
The instructor discusses the assigned topics. During the classes.,neutral
The practical session is conducted in the laboratory.,neutral
"mere according, practical sessions useful nahi hain!",negative
"generally, teacher assigned topics discuss karte hain! overall!",neutral
"overall, faculty bahut supportive hai! course me!",positive
"Mere according, faculty bilkul supportive nahi hai. course me.",negative
"mere according, teacher study material provide karte hain. course me.",neutral
"Generally, The teacher explains concepts clearly. In my opinion.",positive
"Overall, The faculty conducts lectures regularly.",neutral
"From my side, The teacher does not answer questions clearly. During the classes.",negative
"experience ke according, teacher ka explanation confusing hota hai! classes ke during!",negative
"From my side, the class follows the planned timetable. at present.",neutral
"mere according, study material kaafi achha hai! course me!",positive
I feel that The class starts according to the schedule. At present.,neutral
"Generally, lectures interesting aur informative hain. overall.",positive
"Overall, The teacher gives examples during lectures.",neutral
"Mere according, teacher assigned topics discuss karte hain.",neutral
"For me, The course includes both theory and practical sessions. Overall.",neutral
"meri taraf se, course me theory aur practical dono hain. overall.",neutral
"Overall, The faculty conducts lectures regularly! In the course!",neutral
"Generally, The course includes both theory and practical sessions. During the classes.",neutral
"overall, class scheduled time par start hoti hai.",neutral
"From my side, The faculty is not supportive! Overall!",negative
The faculty is very supportive. During the classes.,positive
"For me, the practical sessions are not useful. in the course.",negative
"experience ke according, teacher lecture me examples dete hain! classes ke during!",neutral
"Overall, The classroom environment is excellent. In my opinion.",positive
The teacher does not encourage students. During the classes.,negative
"In my experience, The class starts according to the schedule. For the students.",neutral
"generally, faculty regular lectures leti hai. overall.",neutral
"overall, faculty bilkul supportive nahi hai. course me.",negative
"Overall, The instructor discusses the assigned topics! In the course!",neutral
I feel that The teacher explains the topic during the class! At present!,neutral
"Experience ke according, teacher lecture me examples dete hain. abhi tak.",neutral
"Overall, the class follows the planned timetable. in the course.",neutral
Teacher study material provide karte hain! mere according!,neutral
Faculty regular lectures leti hai. mere according.,neutral
"From my side, The faculty conducts lectures regularly. Overall.",neutral
"For me, The teacher explains the topic during the class! Overall!",neutral
I feel that The practical sessions are very useful! For the students!,positive
"Meri taraf se, teacher class me topic explain karte hain. students ke liye.",neutral
"Generally, The lessons are boring and difficult to follow. In my opinion.",negative
"Generally, teacher study material provide karte hain. overall.",neutral
"meri taraf se, faculty bilkul supportive nahi hai! students ke liye!",negative
"mere according, faculty bilkul supportive nahi hai! students ke liye!",negative
"From my side, the faculty conducts lectures regularly. overall.",neutral
I feel that The class starts according to the schedule. Overall.,neutral
Practical session laboratory me hota hai.,neutral
faculty bahut supportive hai. mere according.,positive
"Overall, The study material is incomplete. In my opinion.",negative
"experience ke according, study material kaafi achha hai. classes ke during.",positive
"In my experience, The teacher explains concepts clearly. For the students.",positive
"In my experience, the lessons are engaging and interesting.",positive
"meri taraf se, teacher class me topic explain karte hain! course me!",neutral
class me topics samajh nahi aate hain. mere according.,negative
"Experience ke according, class ka environment bahut achha hai. abhi tak.",positive
The faculty is very supportive. during the classes.,positive
"overall, teacher mujhe achhe se nahi padhate hain.",negative
The instructor gives helpful examples! in my opinion!,positive
"From my side, The faculty conducts lectures regularly! Overall!",neutral
"Mere according, course me theory aur practical dono hain.",neutral
Mujhe lagta hai ki teacher students ko motivate karte hain. abhi tak.,positive
"From my side, The teacher explains concepts clearly. During the classes.",positive
"overall, teacher students ko motivate karte hain. mere according.",positive
Faculty bahut supportive hai.,positive
"In my experience, the study material is incomplete. in the course.",negative
"generally, class scheduled time par start hoti hai! abhi tak!",neutral
Mujhe lagta hai ki study material complete nahi milta. overall.,negative
I feel that The study material is well organized. Overall.,positive
I feel that The practical sessions are very useful! At present!,positive
The faculty conducts lectures regularly.,neutral
"Generally, the teacher provides study material. at present.",neutral
"Generally, practical sessions bahut useful hain. abhi tak.",positive
Mujhe lagta hai ki teacher questions ko patiently solve karte hain. students ke liye.,positive
"Overall, The instructor gives helpful examples. In the course.",positive
"mere according, teacher study material provide karte hain.",neutral
The teacher does not encourage students. In my opinion.,negative
"Overall, The faculty is very supportive.",positive
"In my experience, the instructor gives confusing explanations. for the students.",negative
"Generally, faculty regular lectures leti hai. abhi tak.",neutral
"Overall, students regular class attend karte hain! mere according!",neutral
Mujhe lagta hai ki study material kaafi achha hai. students ke liye.,positive
"Overall, teacher questions ko properly explain nahi karte. mere according.",negative
"From my side, The teacher explains concepts clearly! During the classes!",positive
"generally, faculty regular lectures leti hai! abhi tak!",neutral
"overall, study material kaafi achha hai! course me!",positive
"In my experience, The practical sessions are not useful. For the students.",negative
"Generally, The teacher does not explain concepts properly. During the classes.",negative
"mere according, practical sessions bahut useful hain.",positive
"experience ke according, practical session laboratory me hota hai! mere according!",neutral
Mujhe lagta hai ki class scheduled time par start hoti hai. overall.,neutral
"Generally, The teacher encourages students to participate! At present!",positive
The classroom environment is excellent. during the classes.,positive
"Experience ke according, faculty bilkul supportive nahi hai. mere according.",negative
"Generally, The faculty is very supportive. During the classes.",positive
"For me, The teacher explains concepts clearly. In the course.",positive
I feel that the practical sessions are not useful. overall.,negative
"overall, course me theory aur practical dono hain!",neutral
"Mere according, class timetable ke according chalti hai. students ke liye.",neutral
"For me, The faculty is not supportive. For the students.",negative
"experience ke according, class scheduled time par start hoti hai! abhi tak!",neutral
"For me, The lessons are boring and difficult to follow. For the students.",negative
mujhe lagta hai ki class me topics samajh nahi aate hain. abhi tak.,negative
mujhe lagta hai ki faculty bahut supportive hai! students ke liye!,positive
"Overall, The study material is well organized. In my opinion.",positive
The study material is incomplete! During the classes!,negative
"Overall, The instructor discusses the assigned topics. In my opinion.",neutral
"experience ke according, class me topics samajh nahi aate hain! abhi tak!",negative
"Generally, the class follows the planned timetable. during the classes.",neutral
"overall, teacher mujhe achhe se nahi padhate hain. mere according.",negative
"overall, course me theory aur practical dono hain. mere according.",neutral
"Mere according, lectures boring aur difficult lagte hain. students ke liye.",negative
"In my experience, The course includes both theory and practical sessions. In the course.",neutral
I feel that The teacher does not answer questions clearly. At present.,negative
"For me, The teacher does not encourage students! Overall!",negative
"In my experience, The classroom environment is not good. In the course.",negative
"In my experience, the course includes both theory and practical sessions. in the course.",neutral
The teacher answers questions patiently. during the classes.,positive
"Overall, The practical session is conducted in the laboratory.",neutral
"Generally, the teacher encourages students to participate. at present.",positive
I feel that The lectures are difficult to understand! Overall!,negative
Mujhe lagta hai ki faculty bahut supportive hai. students ke liye.,positive
"Meri taraf se, lectures interesting aur informative hain. course me.",positive
The instructor discusses the assigned topics! During the classes!,neutral
"Mere according, faculty regular lectures leti hai.",neutral
The students attend the scheduled classes. In my opinion.,neutral
The teacher does not explain concepts properly.,negative
"Experience ke according, teacher concepts ko clearly samjhate hain. classes ke during.",positive
Teacher ka explanation confusing hota hai.,negative
"mere according, teacher class me topic explain karte hain. students ke liye.",neutral
"From my side, The class starts according to the schedule. At present.",neutral
"Overall, The class follows the planned timetable. In the course.",neutral
Mujhe lagta hai ki teacher students ko motivate nahi karte. students ke liye.,negative
The instructor gives helpful examples!,positive
"Overall, The teacher explains concepts clearly. In my opinion.",positive
"Overall, teacher concepts ko clearly samjhate hain.",positive
study material complete nahi milta! mere according!,negative
"Generally, The teacher does not answer questions clearly. In my opinion.",negative
Mujhe lagta hai ki practical sessions bahut useful hain. students ke liye.,positive
"Generally, The teacher gives examples during lectures. At present.",neutral
mujhe lagta hai ki class ka environment achha nahi hai. overall.,negative
The teacher does not explain concepts properly. during the classes.,negative
I feel that the faculty is very supportive. for the students.,positive
"mere according, lectures boring aur difficult lagte hain.",negative
"In my experience, The study material is incomplete.",negative
"generally, study material kaafi achha hai! classes ke during!",positive
"Overall, teacher concepts ko clearly samjhate hain. mere according.",positive
"Overall, The students attend the scheduled classes. In the course.",neutral
"mere according, class timetable ke according chalti hai. course me.",neutral
"experience ke according, class ka environment bahut achha hai! mere according!",positive
"meri taraf se, teacher mujhe achhe se nahi padhate hain! course me!",negative
"meri taraf se, teacher bahut achha padhate hain! students ke liye!",positive
Mujhe lagta hai ki teacher students ko motivate karte hain. overall.,positive
"Overall, the lessons are boring and difficult to follow. in my opinion.",negative
"experience ke according, class ka environment bahut achha hai. mere according.",positive
"overall, faculty bilkul supportive nahi hai!",negative
The faculty is very supportive. In my opinion.,positive
I feel that the faculty conducts lectures regularly. at present.,neutral
I feel that The practical sessions are very useful. At present.,positive
"generally, faculty bilkul supportive nahi hai. classes ke during.",negative
"Generally, the lessons are engaging and interesting. in my opinion.",positive
"From my side, The students attend the scheduled classes. Overall.",neutral
"Meri taraf se, course me theory aur practical dono hain. overall.",neutral
The study material is well organized. In my opinion.,positive
mujhe lagta hai ki teacher questions ko properly explain nahi karte! overall!,negative
"Experience ke according, teacher study material provide karte hain. mere according.",neutral
"In my experience, the teacher encourages students to participate!",positive
"For me, The practical session is conducted in the laboratory. Overall.",neutral
"In my experience, The lessons are engaging and interesting!",positive
"Mere according, class me topics samajh nahi aate hain.",negative
"Overall, faculty regular lectures leti hai! mere according!",neutral
I feel that The faculty is very supportive! At present!,positive
"Meri taraf se, course me theory aur practical dono hain! course me!",neutral
"In my experience, the lectures are informative and easy to follow. for the students.",positive
"mere according, teacher bahut achha padhate hain. course me.",positive
"experience ke according, teacher students ko motivate nahi karte. classes ke during.",negative
"overall, class me topics samajh nahi aate hain!",negative
"Overall, The teacher answers questions patiently. In my opinion.",positive
"Experience ke according, class scheduled time par start hoti hai. mere according.",neutral
The students attend the scheduled classes. in my opinion.,neutral
Teacher ka explanation confusing hota hai. classes ke during.,negative
"mere according, teacher lecture me examples dete hain! students ke liye!",neutral
Mujhe lagta hai ki study material kaafi achha hai. abhi tak.,positive
The teacher answers questions patiently. During the classes.,positive
"For me, The study material is well organized. In the course.",positive
"From my side, The teacher does not answer questions clearly. Overall.",negative
"Generally, The instructor discusses the assigned topics. During the classes.",neutral
I feel that The faculty is not supportive. Overall.,negative
"From my side, The faculty is not supportive. During the classes.",negative
I feel that The practical sessions are very useful! Overall!,positive
"From my side, The lessons are engaging and interesting. During the classes.",positive
"For me, The teacher encourages students to participate. In the course.",positive
"From my side, The teacher explains the topic during the class. During the classes.",neutral
mujhe lagta hai ki study material complete nahi milta! students ke liye!,negative
"Overall, The practical session is conducted in the laboratory! In the course!",neutral
"For me, The instructor gives confusing explanations. In the course.",negative
"Generally, The lessons are boring and difficult to follow. During the classes.",negative
"overall, teacher concepts ko clearly samjhate hain.",positive
"In my experience, The teacher explains the topic during the class! In the course!",neutral
"Overall, The practical sessions are not useful. In my opinion.",negative
"Mere according, teacher questions ko patiently solve karte hain. students ke liye.",positive
"Generally, class me topics samajh nahi aate hain. classes ke during.",negative
mujhe lagta hai ki teacher study material provide karte hain. abhi tak.,neutral
"For me, The instructor gives helpful examples. In the course.",positive
"Generally, the practical session is conducted in the laboratory. during the classes.",neutral
I feel that The lessons are engaging and interesting. At present.,positive
"Generally, the study material is incomplete. at present.",negative
"Overall, The practical sessions are very useful.",positive
"meri taraf se, practical sessions bahut useful hain! students ke liye!",positive
"Overall, lectures boring aur difficult lagte hain. course me.",negative
"mere according, class ka environment achha nahi hai.",negative
"Overall, practical session laboratory me hota hai.",neutral
Practical sessions bahut useful hain. mere according.,positive
"overall, faculty regular lectures leti hai!",neutral
"Meri taraf se, lectures boring aur difficult lagte hain. course me.",negative
"Generally, The teacher does not encourage students. In my opinion.",negative
The teacher explains the topic during the class. In my opinion.,neutral
"Overall, class scheduled time par start hoti hai.",neutral
"In my experience, the practical session is conducted in the laboratory.",neutral
"Meri taraf se, teacher mujhe achhe se nahi padhate hain. course me.",negative
"In my experience, the teacher does not encourage students!",negative
"From my side, the students attend the scheduled classes. at present.",neutral
"In my experience, The class starts according to the schedule. In the course.",neutral
"Generally, The class starts according to the schedule. During the classes.",neutral
"generally, practical sessions bahut useful hain! classes ke during!",positive
"For me, the lectures are informative and easy to follow. in the course.",positive
"For me, The faculty is very supportive. In the course.",positive
"Generally, The teacher does not answer questions clearly! At present!",negative
"Generally, the teacher encourages students to participate! in my opinion!",positive
"Experience ke according, teacher bahut achha padhate hain! abhi tak!",positive
"overall, teacher ka explanation confusing hota hai. course me.",negative
"Experience ke according, teacher class me topic explain karte hain. classes ke during.",neutral
"In my experience, The classroom environment is not good. For the students.",negative
"experience ke according, teacher lecture me examples dete hain! abhi tak!",neutral
"Experience ke according, study material complete nahi milta. abhi tak.",negative
"In my experience, the teacher answers questions patiently. in the course.",positive
Mujhe lagta hai ki practical session laboratory me hota hai. students ke liye.,neutral
"From my side, The teacher encourages students to participate. During the classes.",positive
"mere according, teacher lecture me examples dete hain! course me!",neutral
"From my side, the study material is well organized. during the classes.",positive
"overall, teacher concepts ko clearly samjhate hain. mere according.",positive
"overall, class ka environment achha nahi hai. mere according.",negative
"Generally, The students attend the scheduled classes. In my opinion.",neutral
"Generally, practical sessions useful nahi hain. abhi tak.",negative
"From my side, The faculty conducts lectures regularly. During the classes.",neutral
"generally, class me topics samajh nahi aate hain! classes ke during!",negative
"From my side, The teacher does not answer questions clearly! During the classes!",negative
Mujhe lagta hai ki teacher study material provide karte hain. students ke liye.,neutral
"Generally, the teacher encourages students to participate. in my opinion.",positive
"Overall, practical sessions useful nahi hain. course me.",negative
faculty regular lectures leti hai!,neutral
"Generally, The classroom environment is not good. In my opinion.",negative
"Mere according, class me topics samajh nahi aate hain. students ke liye.",negative
"Overall, faculty bilkul supportive nahi hai.",negative
"experience ke according, study material complete nahi milta! classes ke during!",negative
"Experience ke according, teacher students ko motivate nahi karte. mere according.",negative
"In my experience, the faculty is very supportive. in the course.",positive
"For me, the teacher explains the topic during the class. in the course.",neutral
"Meri taraf se, teacher class me topic explain karte hain. overall.",neutral
I feel that The lectures are informative and easy to follow. At present.,positive
"overall, lectures boring aur difficult lagte hain! course me!",negative
"Generally, class me topics samajh nahi aate hain. overall.",negative
"overall, teacher questions ko properly explain nahi karte!",negative
"Overall, The teacher provides study material! In the course!",neutral
"In my experience, the class follows the planned timetable. in the course.",neutral
I feel that The teacher explains the topic during the class. For the students.,neutral
"Generally, The teacher gives examples during lectures! During the classes!",neutral
"Meri taraf se, teacher lecture me examples dete hain. overall.",neutral
The practical sessions are not useful. During the classes.,negative
"Experience ke according, class ka environment achha nahi hai. abhi tak.",negative
I feel that The classroom environment is excellent. At present.,positive
"For me, the practical sessions are not useful. overall.",negative
The instructor discusses the assigned topics. In my opinion.,neutral
"Generally, The lectures are informative and easy to follow. During the classes.",positive
"generally, teacher class me topic explain karte hain! abhi tak!",neutral
"Overall, The teacher does not answer questions clearly. In the course.",negative
"Overall, The instructor gives helpful examples!",positive
"Overall, the teacher gives examples during lectures.",neutral
mujhe lagta hai ki teacher questions ko properly explain nahi karte! students ke liye!,negative
"meri taraf se, teacher study material provide karte hain! course me!",neutral
"For me, The classroom environment is excellent. Overall.",positive
"Experience ke according, teacher bahut achha padhate hain. mere according.",positive
"From my side, the faculty is not supportive. during the classes.",negative
"In my experience, The class starts according to the schedule! For the students!",neutral
"Meri taraf se, faculty regular lectures leti hai. course me.",neutral
"For me, The course includes both theory and practical sessions. In the course.",neutral
class ka environment achha nahi hai! mere according!,negative
I feel that The practical session is conducted in the laboratory. At present.,neutral
"Overall, faculty bahut supportive hai.",positive
"For me, The lectures are difficult to understand. For the students.",negative
"meri taraf se, teacher study material provide karte hain! students ke liye!",neutral
The class follows the planned timetable!,neutral
"Generally, teacher students ko motivate karte hain. classes ke during.",positive
"Overall, the teacher encourages students to participate. in my opinion.",positive
The practical sessions are not useful. In my opinion.,negative
Mujhe lagta hai ki class ka environment bahut achha hai. overall.,positive
"From my side, the teacher does not encourage students. during the classes.",negative
The teacher does not encourage students.,negative
"In my experience, The teacher answers questions patiently. For the students.",positive
"Generally, The instructor gives helpful examples. At present.",positive
"In my experience, The instructor gives confusing explanations.",negative
Mujhe lagta hai ki teacher students ko motivate nahi karte. overall.,negative
"From my side, The course includes both theory and practical sessions. Overall.",neutral
"From my side, The teacher does not explain concepts properly. Overall.",negative
"generally, teacher concepts ko clearly samjhate hain. overall.",positive
"Generally, The teacher answers questions patiently! At present!",positive
"overall, teacher ka explanation confusing hota hai! mere according!",negative
"Experience ke according, class ka environment bahut achha hai. classes ke during.",positive
"meri taraf se, practical sessions bahut useful hain! course me!",positive
"Overall, the classroom environment is excellent.",positive
"For me, The practical sessions are not useful. Overall.",negative
The teacher does not encourage students! During the classes!,negative
Teacher bahut achha padhate hain. classes ke during.,positive
"Overall, the lectures are difficult to understand.",negative
"mere according, class timetable ke according chalti hai! course me!",neutral
I feel that the lectures are informative and easy to follow. at present.,positive
Mujhe lagta hai ki teacher bahut achha padhate hain. overall.,positive
"Generally, practical session laboratory me hota hai. classes ke during.",neutral
"mere according, class ka environment achha nahi hai. course me.",negative
"mere according, class me topics easily samajh aa jate hain. students ke liye.",positive
"In my experience, The teacher does not answer questions clearly.",negative
"From my side, The faculty is very supportive. At present.",positive
"Experience ke according, students regular class attend karte hain. abhi tak.",neutral
class ka environment bahut achha hai. mere according.,positive
"In my experience, The instructor gives helpful examples.",positive
"Overall, The course includes both theory and practical sessions! In the course!",neutral
"overall, teacher mujhe achhe se nahi padhate hain! mere according!",negative
"generally, study material complete nahi milta! abhi tak!",negative
"Generally, faculty bilkul supportive nahi hai. classes ke during.",negative
"Overall, the lectures are difficult to understand! in the course!",negative
"Overall, The lectures are informative and easy to follow. In my opinion.",positive
The practical session is conducted in the laboratory. During the classes.,neutral
Mujhe lagta hai ki class ka environment bahut achha hai. abhi tak.,positive
The class follows the planned timetable! During the classes!,neutral
"mere according, practical sessions useful nahi hain! course me!",negative
mujhe lagta hai ki practical sessions useful nahi hain. students ke liye.,negative
"In my experience, The teacher answers questions patiently! For the students!",positive
"Overall, The course includes both theory and practical sessions. In the course.",neutral
"In my experience, the teacher does not encourage students. for the students.",negative
"mere according, teacher students ko motivate nahi karte! students ke liye!",negative
I feel that The practical sessions are very useful. Overall.,positive
"Mere according, practical sessions bahut useful hain. course me.",positive
"From my side, The course includes both theory and practical sessions! During the classes!",neutral
"experience ke according, teacher study material provide karte hain! classes ke during!",neutral
"overall, practical sessions useful nahi hain! course me!",negative
Mujhe lagta hai ki class scheduled time par start hoti hai. abhi tak.,neutral
mujhe lagta hai ki practical sessions bahut useful hain. abhi tak.,positive
"Overall, The lectures are difficult to understand. In my opinion.",negative
"Overall, The instructor gives confusing explanations. In my opinion.",negative
"Generally, The faculty is very supportive. In my opinion.",positive
"Generally, The practical sessions are very useful. At present.",positive
mujhe lagta hai ki teacher ka explanation confusing hota hai. students ke liye.,negative
"Generally, class me topics samajh nahi aate hain. abhi tak.",negative
"Mere according, teacher mujhe achhe se nahi padhate hain. course me.",negative
Teacher students ko motivate karte hain. mere according.,positive
Mujhe lagta hai ki faculty regular lectures leti hai. overall.,neutral
"overall, course me theory aur practical dono hain! mere according!",neutral
"From my side, The class follows the planned timetable. During the classes.",neutral
"meri taraf se, teacher study material provide karte hain! overall!",neutral
"Generally, the faculty conducts lectures regularly. in my opinion.",neutral
Mujhe lagta hai ki teacher mujhe achhe se nahi padhate hain. overall.,negative
"mere according, teacher class me topic explain karte hain!",neutral
The practical session is conducted in the laboratory!,neutral
"From my side, The practical session is conducted in the laboratory. During the classes.",neutral
"In my experience, The course includes both theory and practical sessions. For the students.",neutral
"In my experience, The teacher provides study material. In the course.",neutral
Teacher class me topic explain karte hain.,neutral
"Mere according, practical sessions bahut useful hain.",positive
I feel that The students attend the scheduled classes. For the students.,neutral
mujhe lagta hai ki teacher assigned topics discuss karte hain! students ke liye!,neutral
"For me, The lessons are engaging and interesting. For the students.",positive
I feel that the practical sessions are not useful. for the students.,negative
"Overall, The lectures are difficult to understand. In the course.",negative
"From my side, The lectures are difficult to understand. During the classes.",negative
"Overall, class scheduled time par start hoti hai! course me!",neutral
"experience ke according, class me topics easily samajh aa jate hain. classes ke during.",positive
"mere according, faculty bilkul supportive nahi hai!",negative
"In my experience, The study material is incomplete. For the students.",negative
"Generally, The study material is well organized. At present.",positive
"Generally, the faculty conducts lectures regularly. at present.",neutral
Teacher students ko motivate nahi karte! classes ke during!,negative
"Meri taraf se, teacher ka explanation confusing hota hai. course me.",negative
"generally, teacher questions ko properly explain nahi karte! abhi tak!",negative
"Experience ke according, teacher students ko motivate karte hain. classes ke during.",positive
"Overall, class ka environment achha nahi hai.",negative
"Overall, The practical session is conducted in the laboratory!",neutral
"In my experience, The faculty is not supportive. For the students.",negative
"mere according, lectures boring aur difficult lagte hain! students ke liye!",negative
"Mere according, class ka environment achha nahi hai. course me.",negative
"From my side, The students attend the scheduled classes. During the classes.",neutral
"generally, class me topics easily samajh aa jate hain! abhi tak!",positive
"Meri taraf se, class ka environment bahut achha hai. students ke liye.",positive
"meri taraf se, practical sessions useful nahi hain! overall!",negative
"experience ke according, teacher study material provide karte hain! mere according!",neutral
"experience ke according, lectures interesting aur informative hain! classes ke during!",positive
"For me, The instructor discusses the assigned topics. For the students.",neutral
"For me, The teacher explains concepts clearly. For the students.",positive
"Mere according, faculty bahut supportive hai. students ke liye.",positive
"meri taraf se, teacher mujhe achhe se nahi padhate hain! overall!",negative
"Overall, The faculty is not supportive. In the course.",negative
I feel that the class follows the planned timetable. for the students.,neutral
mujhe lagta hai ki faculty regular lectures leti hai! overall!,neutral
"Overall, the faculty is not supportive. in the course.",negative
"Meri taraf se, faculty bilkul supportive nahi hai. overall.",negative
Class ka environment achha nahi hai.,negative
"For me, The teacher gives examples during lectures. In the course.",neutral
The teacher explains concepts clearly. In my opinion.,positive
"For me, the lectures are informative and easy to follow. overall.",positive
"Mere according, teacher study material provide karte hain. course me.",neutral
"In my experience, the teacher does not explain concepts properly. in the course.",negative
"From my side, the faculty conducts lectures regularly. during the classes.",neutral
"From my side, The teacher provides study material. Overall.",neutral
"In my experience, The practical session is conducted in the laboratory.",neutral
"generally, lectures interesting aur informative hain! classes ke during!",positive
"Generally, teacher students ko motivate karte hain. abhi tak.",positive
"generally, teacher students ko motivate nahi karte! overall!",negative
"experience ke according, class ka environment achha nahi hai! classes ke during!",negative
study material complete nahi milta! classes ke during!,negative
mujhe lagta hai ki class timetable ke according chalti hai! abhi tak!,neutral
"generally, teacher students ko motivate karte hain! overall!",positive
"Mere according, practical session laboratory me hota hai. course me.",neutral
"overall, teacher study material provide karte hain. course me.",neutral
"Generally, The teacher provides study material. At present.",neutral
The lectures are informative and easy to follow. In my opinion.,positive
"overall, students regular class attend karte hain! course me!",neutral
"Generally, the teacher does not explain concepts properly. during the classes.",negative
The lectures are informative and easy to follow! During the classes!,positive
"From my side, The class follows the planned timetable! At present!",neutral
The lectures are difficult to understand!,negative
I feel that The study material is incomplete. Overall.,negative
"Overall, class ka environment bahut achha hai.",positive
The classroom environment is excellent! during the classes!,positive
"experience ke according, class ka environment bahut achha hai! abhi tak!",positive
"Experience ke according, practical sessions bahut useful hain. mere according.",positive
"Overall, the teacher does not answer questions clearly.",negative
"Generally, The lessons are engaging and interesting. During the classes.",positive
I feel that the faculty conducts lectures regularly. for the students.,neutral
students regular class attend karte hain! mere according!,neutral
"For me, the lessons are boring and difficult to follow. overall.",negative
"Experience ke according, practical sessions bahut useful hain. classes ke during.",positive
"Meri taraf se, teacher students ko motivate nahi karte. course me.",negative
"Overall, teacher lecture me examples dete hain. mere according.",neutral
"overall, class ka environment achha nahi hai! mere according!",negative
"For me, the practical sessions are not useful! for the students!",negative
Mujhe lagta hai ki class me topics easily samajh aa jate hain. abhi tak.,positive
"Generally, the course includes both theory and practical sessions. during the classes.",neutral
"Generally, The teacher does not encourage students! At present!",negative
"Generally, the teacher provides study material. during the classes.",neutral
The teacher encourages students to participate. In my opinion.,positive
"generally, class me topics samajh nahi aate hain! overall!",negative
The practical sessions are not useful!,negative
"Overall, the practical sessions are very useful.",positive
"meri taraf se, teacher ka explanation confusing hota hai! course me!",negative
"Overall, the instructor gives confusing explanations. in the course.",negative
"In my experience, The teacher explains concepts clearly! In the course!",positive
"Mere according, course me theory aur practical dono hain. course me.",neutral
"Overall, The classroom environment is excellent.",positive
"Mere according, teacher questions ko properly explain nahi karte. course me.",negative
"experience ke according, course me theory aur practical dono hain! abhi tak!",neutral
Mujhe lagta hai ki practical sessions useful nahi hain. overall.,negative
The practical sessions are very useful. In my opinion.,positive
"Meri taraf se, teacher questions ko patiently solve karte hain. students ke liye.",positive
"generally, teacher questions ko patiently solve karte hain! abhi tak!",positive
I feel that the practical sessions are very useful. for the students.,positive
"Meri taraf se, teacher students ko motivate karte hain. overall.",positive
"generally, practical sessions bahut useful hain! abhi tak!",positive
"Meri taraf se, study material kaafi achha hai. overall.",positive
"Overall, faculty bahut supportive hai. mere according.",positive
"Generally, lectures boring aur difficult lagte hain. overall.",negative
The class starts according to the schedule. in my opinion.,neutral
"Overall, teacher ka explanation confusing hota hai. mere according.",negative
"From my side, The faculty conducts lectures regularly! During the classes!",neutral
"From my side, the teacher encourages students to participate. at present.",positive
"From my side, The lessons are engaging and interesting! At present!",positive
"Mere according, teacher students ko motivate nahi karte. course me.",negative
"Meri taraf se, study material kaafi achha hai. students ke liye.",positive
"For me, The faculty is not supportive. In the course.",negative
I feel that the teacher answers questions patiently. at present.,positive
"meri taraf se, teacher students ko motivate nahi karte! course me!",negative
"For me, The lectures are informative and easy to follow. Overall.",positive
I feel that The practical sessions are not useful. At present.,negative
"Overall, teacher students ko motivate karte hain. course me.",positive
"In my experience, the practical sessions are not useful! in the course!",negative
"Overall, The classroom environment is excellent. In the course.",positive
"Overall, teacher mujhe achhe se nahi padhate hain. mere according.",negative
"experience ke according, class ka environment bahut achha hai! classes ke during!",positive
"Generally, teacher concepts ko clearly samjhate hain. classes ke during.",positive
"Generally, teacher students ko motivate karte hain! overall!",positive
"Overall, The instructor gives helpful examples. In my opinion.",positive
"For me, the classroom environment is not good. for the students.",negative
"Mere according, teacher class me topic explain karte hain.",neutral
The course includes both theory and practical sessions. During the classes.,neutral
mujhe lagta hai ki teacher class me topic explain karte hain! overall!,neutral
"For me, the teacher provides study material. in the course.",neutral
Study material complete nahi milta.,negative
mujhe lagta hai ki teacher class me topic explain karte hain! students ke liye!,neutral
"For me, The teacher does not explain concepts properly. Overall.",negative
"In my experience, The lectures are informative and easy to follow. For the students.",positive
class ka environment bahut achha hai! classes ke during!,positive
Mujhe lagta hai ki teacher class me topic explain karte hain! abhi tak!,neutral
"Meri taraf se, teacher bahut achha padhate hain. overall.",positive
"experience ke according, faculty bahut supportive hai! mere according!",positive
"experience ke according, lectures boring aur difficult lagte hain! abhi tak!",negative
mujhe lagta hai ki teacher questions ko patiently solve karte hain! abhi tak!,positive
"Experience ke according, teacher ka explanation confusing hota hai! classes ke during!",negative
"overall, teacher study material provide karte hain! course me!",neutral
Study material kaafi achha hai.,positive
Mujhe lagta hai ki students regular class attend karte hain. students ke liye.,neutral
The study material is incomplete. In my opinion.,negative
"Meri taraf se, teacher students ko motivate nahi karte. overall.",negative
"meri taraf se, class me topics samajh nahi aate hain! overall!",negative
"For me, the teacher answers questions patiently. overall.",positive
"Overall, teacher bahut achha padhate hain. mere according.",positive
"overall, class timetable ke according chalti hai!",neutral
"Generally, the teacher does not answer questions clearly. at present.",negative
"Mere according, practical sessions useful nahi hain.",negative
"Overall, The teacher answers questions patiently! In my opinion!",positive
"From my side, the class starts according to the schedule. at present.",neutral
I feel that the lectures are informative and easy to follow. for the students.,positive
"Generally, the practical session is conducted in the laboratory. at present.",neutral
"meri taraf se, students regular class attend karte hain! overall!",neutral
"Experience ke according, teacher lecture me examples dete hain. classes ke during.",neutral
teacher students ko motivate karte hain!,positive
"Mere according, study material kaafi achha hai. course me.",positive
"For me, the teacher answers questions patiently. for the students.",positive
"Meri taraf se, class scheduled time par start hoti hai. overall.",neutral
"Generally, the teacher explains concepts clearly! at present!",positive
"Overall, teacher students ko motivate karte hain.",positive
"Mere according, faculty bahut supportive hai. course me.",positive
"meri taraf se, teacher bahut achha padhate hain! course me!",positive
The teacher answers questions patiently.,positive
I feel that The instructor discusses the assigned topics! At present!,neutral
study material kaafi achha hai!,positive
"Meri taraf se, teacher questions ko patiently solve karte hain. overall.",positive
I feel that The lessons are engaging and interesting. For the students.,positive
"experience ke according, class timetable ke according chalti hai. classes ke during.",neutral
"From my side, The study material is well organized. Overall.",positive
"experience ke according, faculty bilkul supportive nahi hai! classes ke during!",negative
"From my side, The teacher does not explain concepts properly! During the classes!",negative
"Meri taraf se, lectures interesting aur informative hain. students ke liye.",positive
The teacher does not explain concepts properly. During the classes.,negative
"From my side, The instructor gives confusing explanations. At present.",negative
"mere according, students regular class attend karte hain! course me!",neutral
"mere according, study material complete nahi milta! students ke liye!",negative
"Meri taraf se, practical session laboratory me hota hai. students ke liye.",neutral
"experience ke according, teacher bahut achha padhate hain! classes ke during!",positive
Mujhe lagta hai ki lectures interesting aur informative hain. overall.,positive
"Mere according, lectures interesting aur informative hain. students ke liye.",positive
"Overall, lectures interesting aur informative hain. mere according.",positive
teacher questions ko properly explain nahi karte! classes ke during!,negative
Lectures boring aur difficult lagte hain. mere according.,negative
"From my side, The classroom environment is not good! During the classes!",negative
"Generally, class ka environment bahut achha hai. classes ke during.",positive
"Experience ke according, practical sessions useful nahi hain. classes ke during.",negative
"Generally, faculty bilkul supportive nahi hai. abhi tak.",negative
"Generally, class me topics easily samajh aa jate hain. overall.",positive
"meri taraf se, faculty bilkul supportive nahi hai! overall!",negative
"Meri taraf se, faculty bahut supportive hai. students ke liye.",positive
"overall, class me topics easily samajh aa jate hain! course me!",positive
Mujhe lagta hai ki study material kaafi achha hai. overall.,positive
I feel that the instructor gives helpful examples. overall.,positive
"Overall, lectures boring aur difficult lagte hain. mere according.",negative
"For me, The teacher does not answer questions clearly. In the course.",negative
"From my side, the lessons are engaging and interesting. overall.",positive
Lectures boring aur difficult lagte hain. classes ke during.,negative
mujhe lagta hai ki class ka environment bahut achha hai! overall!,positive
"In my experience, The course includes both theory and practical sessions! For the students!",neutral
"From my side, the lessons are boring and difficult to follow. at present.",negative
"Overall, The classroom environment is not good!",negative
"Overall, teacher students ko motivate nahi karte. mere according.",negative
"For me, The lectures are informative and easy to follow! Overall!",positive
"overall, faculty bilkul supportive nahi hai! mere according!",negative
practical sessions useful nahi hain! mere according!,negative
"Generally, practical sessions useful nahi hain. classes ke during.",negative
"From my side, The study material is incomplete! Overall!",negative
"From my side, The lectures are informative and easy to follow. During the classes.",positive
"overall, class me topics samajh nahi aate hain! mere according!",negative
"From my side, The instructor discusses the assigned topics. During the classes.",neutral
"Generally, study material complete nahi milta. classes ke during.",negative
"Generally, class scheduled time par start hoti hai. abhi tak.",neutral
"mere according, study material kaafi achha hai! students ke liye!",positive
Class ka environment bahut achha hai. classes ke during.,positive
Students regular class attend karte hain! classes ke during!,neutral
mujhe lagta hai ki teacher assigned topics discuss karte hain! abhi tak!,neutral
"In my experience, The classroom environment is excellent. For the students.",positive
I feel that The course includes both theory and practical sessions. For the students.,neutral
Mujhe lagta hai ki class me topics samajh nahi aate hain. abhi tak.,negative
"Generally, The instructor gives confusing explanations. During the classes.",negative
Mujhe lagta hai ki lectures interesting aur informative hain. students ke liye.,positive
"Mere according, lectures boring aur difficult lagte hain. course me.",negative
I feel that The practical session is conducted in the laboratory! For the students!,neutral
"Overall, the instructor discusses the assigned topics. in my opinion.",neutral
"Meri taraf se, faculty bahut supportive hai. overall.",positive
"Meri taraf se, lectures boring aur difficult lagte hain. students ke liye.",negative
"For me, The teacher explains the topic during the class. Overall.",neutral
I feel that the classroom environment is not good. for the students.,negative
"Mere according, teacher students ko motivate nahi karte.",negative
"experience ke according, practical sessions bahut useful hain. classes ke during.",positive
"From my side, The class follows the planned timetable. Overall.",neutral
"Generally, class ka environment achha nahi hai. overall.",negative
Practical sessions bahut useful hain. classes ke during.,positive
"overall, class timetable ke according chalti hai! mere according!",neutral
"Overall, lectures boring aur difficult lagte hain! mere according!",negative
"meri taraf se, teacher concepts ko clearly samjhate hain! course me!",positive
"Overall, study material complete nahi milta.",negative
"Overall, The lessons are engaging and interesting. In my opinion.",positive
"mere according, class ka environment achha nahi hai! students ke liye!",negative
Mujhe lagta hai ki practical sessions bahut useful hain! abhi tak!,positive
"Overall, faculty bilkul supportive nahi hai. course me.",negative
I feel that The classroom environment is excellent. Overall.,positive
"mere according, teacher students ko motivate karte hain! course me!",positive
"Overall, students regular class attend karte hain.",neutral
"For me, The course includes both theory and practical sessions! In the course!",neutral
"From my side, The teacher provides study material. During the classes.",neutral
"For me, The teacher does not answer questions clearly. Overall.",negative
I feel that The faculty is very supportive! For the students!,positive
I feel that the students attend the scheduled classes. at present.,neutral
"Generally, teacher study material provide karte hain. classes ke during.",neutral
mujhe lagta hai ki teacher questions ko patiently solve karte hain! students ke liye!,positive
Lectures interesting aur informative hain. classes ke during.,positive
"In my experience, The class follows the planned timetable! In the course!",neutral
"experience ke according, teacher concepts ko clearly samjhate hain! abhi tak!",positive
"mere according, practical session laboratory me hota hai!",neutral
"meri taraf se, students regular class attend karte hain! course me!",neutral
"Generally, the lectures are difficult to understand. at present.",negative
"Overall, the lectures are difficult to understand. in the course.",negative
Faculty bilkul supportive nahi hai.,negative
"In my experience, The lectures are difficult to understand. In the course.",negative
mujhe lagta hai ki class timetable ke according chalti hai! overall!,neutral
"generally, class ka environment achha nahi hai! abhi tak!",negative
The lessons are boring and difficult to follow.,negative
"From my side, The faculty is very supportive. Overall.",positive
"Meri taraf se, study material complete nahi milta. course me.",negative
The teacher gives examples during lectures. in my opinion.,neutral
Mujhe lagta hai ki teacher lecture me examples dete hain. abhi tak.,neutral
"Meri taraf se, class me topics samajh nahi aate hain. overall.",negative
"Experience ke according, teacher questions ko patiently solve karte hain. abhi tak.",positive
The lectures are difficult to understand.,negative
"Overall, the lessons are boring and difficult to follow.",negative
The lectures are informative and easy to follow.,positive
"Generally, teacher class me topic explain karte hain. classes ke during.",neutral
"For me, The teacher explains the topic during the class! For the students!",neutral
"overall, faculty regular lectures leti hai! course me!",neutral
"Generally, teacher assigned topics discuss karte hain. classes ke during.",neutral
"Experience ke according, faculty bahut supportive hai. abhi tak.",positive
"Generally, faculty regular lectures leti hai. overall.",neutral
"experience ke according, practical session laboratory me hota hai! abhi tak!",neutral
mujhe lagta hai ki teacher mujhe achhe se nahi padhate hain! students ke liye!,negative
"Mere according, students regular class attend karte hain. course me.",neutral
"generally, teacher class me topic explain karte hain! overall!",neutral
I feel that the practical session is conducted in the laboratory. for the students.,neutral
"In my experience, The teacher explains the topic during the class. For the students.",neutral
"For me, the class follows the planned timetable. overall.",neutral
The faculty is not supportive. in my opinion.,negative
Class ka environment bahut achha hai!,positive
"meri taraf se, teacher questions ko properly explain nahi karte! course me!",negative
"mere according, practical sessions bahut useful hain! students ke liye!",positive
"For me, The teacher provides study material. For the students.",neutral
"mere according, teacher questions ko properly explain nahi karte! course me!",negative
"Overall, The study material is well organized! In my opinion!",positive
"From my side, The instructor gives confusing explanations! At present!",negative
"Overall, the faculty conducts lectures regularly. in my opinion.",neutral
"Generally, faculty bilkul supportive nahi hai. overall.",negative
"Mere according, teacher assigned topics discuss karte hain. students ke liye.",neutral
"From my side, The teacher does not answer questions clearly. At present.",negative
"Generally, class scheduled time par start hoti hai. overall.",neutral
"Meri taraf se, students regular class attend karte hain. course me.",neutral
"In my experience, The course includes both theory and practical sessions!",neutral
"Overall, lectures interesting aur informative hain. course me.",positive
practical sessions bahut useful hain! classes ke during!,positive
"For me, The teacher explains the topic during the class. In the course.",neutral
"Meri taraf se, teacher questions ko properly explain nahi karte. students ke liye.",negative
"In my experience, the teacher explains the topic during the class. in the course.",neutral
I feel that The instructor gives helpful examples! At present!,positive
"generally, class me topics easily samajh aa jate hain! classes ke during!",positive
I feel that the study material is incomplete. for the students.,negative
"Meri taraf se, teacher questions ko properly explain nahi karte. overall.",negative
"Generally, teacher bahut achha padhate hain. classes ke during.",positive
"experience ke according, study material complete nahi milta! mere according!",negative
"Meri taraf se, practical sessions useful nahi hain. overall.",negative
"For me, The instructor discusses the assigned topics. In the course.",neutral
"Overall, The lessons are boring and difficult to follow.",negative
teacher study material provide karte hain! mere according!,neutral
"Experience ke according, class ka environment bahut achha hai. mere according.",positive
"For me, the class starts according to the schedule. overall.",neutral
"Mere according, teacher questions ko patiently solve karte hain.",positive
"mere according, lectures boring aur difficult lagte hain! course me!",negative
"Generally, the course includes both theory and practical sessions. in my opinion.",neutral
"From my side, The practical session is conducted in the laboratory. At present.",neutral
"From my side, the teacher does not answer questions clearly. during the classes.",negative
"For me, the teacher explains the topic during the class. overall.",neutral
"Overall, The class follows the planned timetable.",neutral
"Mere according, teacher bahut achha padhate hain. course me.",positive
"Generally, The teacher provides study material. During the classes.",neutral
"meri taraf se, practical session laboratory me hota hai! course me!",neutral
Mujhe lagta hai ki class me topics samajh nahi aate hain! overall!,negative
lectures boring aur difficult lagte hain!,negative
Course me theory aur practical dono hain. classes ke during.,neutral
"mere according, teacher questions ko patiently solve karte hain! students ke liye!",positive
I feel that The instructor gives helpful examples. At present.,positive
"Generally, The students attend the scheduled classes! During the classes!",neutral
"From my side, The teacher encourages students to participate. At present.",positive
"Meri taraf se, teacher bahut achha padhate hain. course me.",positive
I feel that The faculty conducts lectures regularly! For the students!,neutral
"Generally, practical sessions bahut useful hain. classes ke during.",positive
"Mere according, teacher ka explanation confusing hota hai. students ke liye.",negative
"Overall, class scheduled time par start hoti hai. mere according.",neutral
"From my side, The classroom environment is excellent! At present!",positive
Study material complete nahi milta. classes ke during.,negative
mujhe lagta hai ki teacher lecture me examples dete hain! abhi tak!,neutral
"For me, the teacher provides study material. overall.",neutral
"mere according, class ka environment bahut achha hai!",positive
"Generally, The practical sessions are not useful! In my opinion!",negative
"overall, teacher mujhe achhe se nahi padhate hain!",negative
mujhe lagta hai ki class ka environment bahut achha hai! students ke liye!,positive
The teacher provides study material. during the classes.,neutral
"Mere according, class ka environment bahut achha hai. course me.",positive
"Overall, teacher bahut achha padhate hain.",positive
"For me, The teacher encourages students to participate! For the students!",positive
"For me, the class follows the planned timetable! overall!",neutral
I feel that The lectures are difficult to understand! At present!,negative
"Meri taraf se, faculty regular lectures leti hai. students ke liye.",neutral
"Meri taraf se, faculty bilkul supportive nahi hai. course me.",negative
The faculty conducts lectures regularly. In my opinion.,neutral
teacher students ko motivate nahi karte!,negative
I feel that the practical sessions are not useful. at present.,negative
"Mere according, teacher assigned topics discuss karte hain. course me.",neutral
I feel that the course includes both theory and practical sessions. overall.,neutral
"experience ke according, teacher mujhe achhe se nahi padhate hain! mere according!",negative
Teacher study material provide karte hain.,neutral
"meri taraf se, teacher students ko motivate nahi karte! students ke liye!",negative
The practical session is conducted in the laboratory. in my opinion.,neutral
"Generally, The practical session is conducted in the laboratory! During the classes!",neutral
"Generally, the classroom environment is excellent. during the classes.",positive
The course includes both theory and practical sessions. in my opinion.,neutral
"Experience ke according, teacher mujhe achhe se nahi padhate hain. mere according.",negative
I feel that The instructor gives confusing explanations. Overall.,negative
Practical sessions bahut useful hain.,positive
The teacher gives examples during lectures. In my opinion.,neutral
Mujhe lagta hai ki teacher ka explanation confusing hota hai. students ke liye.,negative
"Generally, The faculty conducts lectures regularly. During the classes.",neutral
"For me, the class follows the planned timetable. in the course.",neutral
"Generally, The instructor gives confusing explanations! In my opinion!",negative
"Generally, The study material is incomplete! At present!",negative
"Meri taraf se, lectures interesting aur informative hain. overall.",positive
Teacher bahut achha padhate hain.,positive
"Generally, The class starts according to the schedule! At present!",neutral
"Mere according, teacher bahut achha padhate hain! students ke liye!",positive
"Generally, the instructor gives confusing explanations. in my opinion.",negative
"For me, The faculty is very supportive. Overall.",positive
"For me, The study material is incomplete. In the course.",negative
"In my experience, The lessons are engaging and interesting! In the course!",positive
faculty bahut supportive hai!,positive
I feel that The lectures are difficult to understand. For the students.,negative
"Generally, the students attend the scheduled classes. in my opinion.",neutral
"Meri taraf se, class timetable ke according chalti hai. overall.",neutral
"Overall, The teacher does not answer questions clearly! In my opinion!",negative
"Generally, teacher bahut achha padhate hain. overall.",positive
"Overall, faculty bahut supportive hai. course me.",positive
I feel that The lessons are boring and difficult to follow. For the students.,negative
"Overall, course me theory aur practical dono hain.",neutral
"Overall, The classroom environment is excellent! In my opinion!",positive
study material complete nahi milta!,negative
Mujhe lagta hai ki teacher students ko motivate nahi karte! abhi tak!,negative
"mere according, class ka environment bahut achha hai.",positive
Teacher lecture me examples dete hain. classes ke during.,neutral
"In my experience, the classroom environment is excellent. for the students.",positive
"Overall, the teacher explains the topic during the class. in the course.",neutral
mujhe lagta hai ki practical session laboratory me hota hai! students ke liye!,neutral
"Overall, The lessons are engaging and interesting! In my opinion!",positive
Teacher concepts ko clearly samjhate hain!,positive
"From my side, the classroom environment is excellent. at present.",positive
"Mere according, teacher concepts ko clearly samjhate hain.",positive
"For me, The lectures are informative and easy to follow. For the students.",positive
"mere according, teacher ka explanation confusing hota hai! students ke liye!",negative
Mujhe lagta hai ki class timetable ke according chalti hai. abhi tak.,neutral
"generally, practical session laboratory me hota hai! overall!",neutral
"experience ke according, practical sessions bahut useful hain! abhi tak!",positive
"In my experience, The practical session is conducted in the laboratory. For the students.",neutral
mujhe lagta hai ki teacher students ko motivate nahi karte! students ke liye!,negative
"In my experience, the classroom environment is excellent! in the course!",positive
"generally, teacher questions ko patiently solve karte hain! classes ke during!",positive
"For me, the instructor discusses the assigned topics. in the course.",neutral
Mujhe lagta hai ki practical sessions bahut useful hain. overall.,positive
Class ka environment bahut achha hai! classes ke during!,positive
"Overall, teacher students ko motivate nahi karte. course me.",negative
"Mere according, teacher questions ko patiently solve karte hain. course me.",positive
class me topics samajh nahi aate hain!,negative
"From my side, The teacher explains the topic during the class! During the classes!",neutral
"From my side, the lessons are boring and difficult to follow. during the classes.",negative
The teacher does not answer questions clearly.,negative
The teacher explains the topic during the class. during the classes.,neutral
"meri taraf se, course me theory aur practical dono hain! overall!",neutral
"Overall, teacher study material provide karte hain. mere according.",neutral
Mujhe lagta hai ki class me topics easily samajh aa jate hain. students ke liye.,positive
"Overall, The teacher provides study material.",neutral
"Overall, the classroom environment is not good. in the course.",negative
teacher assigned topics discuss karte hain! classes ke during!,neutral
mujhe lagta hai ki class me topics samajh nahi aate hain! abhi tak!,negative
"experience ke according, teacher class me topic explain karte hain! classes ke during!",neutral
"Meri taraf se, faculty bahut supportive hai! students ke liye!",positive
"Overall, The faculty is very supportive! In the course!",positive
"Overall, teacher concepts ko clearly samjhate hain! mere according!",positive
"Overall, the practical session is conducted in the laboratory. in my opinion.",neutral
"Mere according, teacher lecture me examples dete hain. course me.",neutral
study material kaafi achha hai! mere according!,positive
"generally, teacher mujhe achhe se nahi padhate hain! abhi tak!",negative
"Experience ke according, teacher students ko motivate nahi karte! abhi tak!",negative
"Generally, The lectures are informative and easy to follow. In my opinion.",positive
"overall, teacher students ko motivate nahi karte! course me!",negative
The practical sessions are not useful! In my opinion!,negative
"Generally, the teacher does not explain concepts properly! at present!",negative
Faculty bilkul supportive nahi hai. classes ke during.,negative
"Meri taraf se, study material kaafi achha hai. course me.",positive
"Overall, The teacher provides study material. In the course.",neutral
I feel that The faculty conducts lectures regularly! At present!,neutral
"meri taraf se, teacher students ko motivate nahi karte! overall!",negative
"Overall, the instructor discusses the assigned topics. in the course.",neutral
"Generally, the teacher answers questions patiently. in my opinion.",positive
"mere according, study material complete nahi milta!",negative
The faculty is very supportive. in my opinion.,positive
"In my experience, The teacher gives examples during lectures!",neutral
teacher questions ko patiently solve karte hain! mere according!,positive
"meri taraf se, study material kaafi achha hai! students ke liye!",positive
"experience ke according, teacher bahut achha padhate hain! abhi tak!",positive
Teacher lecture me examples dete hain. mere according.,neutral
"Generally, the practical sessions are very useful. in my opinion.",positive
"meri taraf se, teacher questions ko patiently solve karte hain! overall!",positive
"For me, The teacher gives examples during lectures! Overall!",neutral
"In my experience, The instructor discusses the assigned topics! For the students!",neutral
The lectures are difficult to understand! In my opinion!,negative
"overall, practical sessions useful nahi hain!",negative
Mujhe lagta hai ki teacher lecture me examples dete hain! abhi tak!,neutral
"Generally, the teacher answers questions patiently. during the classes.",positive
"Meri taraf se, class ka environment achha nahi hai! overall!",negative
"Generally, The class starts according to the schedule! During the classes!",neutral
"In my experience, the class starts according to the schedule.",neutral
"overall, teacher study material provide karte hain! mere according!",neutral
"Mere according, practical sessions useful nahi hain. course me.",negative
"Generally, The teacher does not encourage students. At present.",negative
The classroom environment is excellent! During the classes!,positive
"From my side, The instructor gives helpful examples. At present.",positive
"Generally, faculty bilkul supportive nahi hai! classes ke during!",negative
"Generally, the instructor discusses the assigned topics. at present.",neutral
"Mere according, teacher ka explanation confusing hota hai. course me.",negative
"In my experience, The classroom environment is not good.",negative
"mere according, teacher questions ko properly explain nahi karte! students ke liye!",negative
I feel that the course includes both theory and practical sessions. for the students.,neutral
The lectures are informative and easy to follow. in my opinion.,positive
"Overall, teacher ka explanation confusing hota hai. course me.",negative
I feel that the teacher answers questions patiently. for the students.,positive
students regular class attend karte hain! classes ke during!,neutral
"Mere according, practical session laboratory me hota hai! course me!",neutral
"In my experience, The teacher explains concepts clearly!",positive
"Experience ke according, study material complete nahi milta. mere according.",negative
"Experience ke according, class timetable ke according chalti hai. abhi tak.",neutral
"In my experience, the lessons are boring and difficult to follow. for the students.",negative
"For me, The faculty conducts lectures regularly! Overall!",neutral
Course me theory aur practical dono hain.,neutral
"In my experience, The lectures are difficult to understand!",negative
"Generally, The instructor gives confusing explanations. At present.",negative
"overall, teacher class me topic explain karte hain! course me!",neutral
"generally, faculty bilkul supportive nahi hai! overall!",negative
"Generally, class me topics easily samajh aa jate hain. classes ke during.",positive
"Generally, The teacher explains the topic during the class. In my opinion.",neutral
"In my experience, The teacher does not answer questions clearly. In the course.",negative
"generally, teacher ka explanation confusing hota hai! classes ke during!",negative
"In my experience, the lectures are difficult to understand. in the course.",negative
Class ka environment bahut achha hai. mere according.,positive
mujhe lagta hai ki teacher concepts ko clearly samjhate hain! abhi tak!,positive
The classroom environment is excellent!,positive
"From my side, The teacher gives examples during lectures! At present!",neutral
"For me, The class follows the planned timetable! In the course!",neutral
"Generally, The lessons are boring and difficult to follow! At present!",negative
Mujhe lagta hai ki class me topics samajh nahi aate hain. students ke liye.,negative
The classroom environment is excellent. in my opinion.,positive
The faculty conducts lectures regularly. in my opinion.,neutral
"Generally, The faculty is not supportive. At present.",negative
"Mere according, teacher assigned topics discuss karte hain!",neutral
mujhe lagta hai ki faculty bahut supportive hai! overall!,positive
"In my experience, The teacher does not explain concepts properly. In the course.",negative
"generally, teacher students ko motivate nahi karte! classes ke during!",negative
I feel that the practical sessions are very useful. at present.,positive
"Experience ke according, teacher study material provide karte hain! classes ke during!",neutral
"mere according, faculty regular lectures leti hai!",neutral
Faculty regular lectures leti hai.,neutral
"experience ke according, students regular class attend karte hain! classes ke during!",neutral
"Overall, the teacher gives examples during lectures. in the course.",neutral
"meri taraf se, teacher assigned topics discuss karte hain! overall!",neutral
I feel that the teacher gives examples during lectures. overall.,neutral
"Mere according, faculty bilkul supportive nahi hai.",negative
"Meri taraf se, class scheduled time par start hoti hai. students ke liye.",neutral
"Mere according, teacher questions ko properly explain nahi karte. students ke liye.",negative
"Overall, The teacher does not encourage students! In my opinion!",negative
"Experience ke according, teacher questions ko patiently solve karte hain. classes ke during.",positive
"Generally, The faculty is very supportive. At present.",positive
"Overall, class ka environment achha nahi hai!",negative
"Generally, The classroom environment is not good! During the classes!",negative
"Generally, teacher ka explanation confusing hota hai. classes ke during.",negative
"Experience ke according, lectures boring aur difficult lagte hain! mere according!",negative
"meri taraf se, students regular class attend karte hain! students ke liye!",neutral
"Experience ke according, students regular class attend karte hain. classes ke during.",neutral
"Overall, the class follows the planned timetable.",neutral
I feel that the teacher does not encourage students. for the students.,negative
The class follows the planned timetable.,neutral
"Meri taraf se, practical sessions bahut useful hain! overall!",positive
class ka environment achha nahi hai! classes ke during!,negative
"experience ke according, class timetable ke according chalti hai! classes ke during!",neutral
"From my side, the study material is well organized. overall.",positive
Students regular class attend karte hain. mere according.,neutral
"Overall, teacher questions ko properly explain nahi karte.",negative
"overall, study material complete nahi milta! mere according!",negative
mujhe lagta hai ki practical sessions useful nahi hain! overall!,negative
"Generally, The faculty is very supportive! In my opinion!",positive
I feel that The study material is well organized! Overall!,positive
"Experience ke according, class me topics easily samajh aa jate hain! classes ke during!",positive
"Generally, teacher ka explanation confusing hota hai. abhi tak.",negative
"Generally, lectures boring aur difficult lagte hain. abhi tak.",negative
Teacher mujhe achhe se nahi padhate hain.,negative
"For me, The course includes both theory and practical sessions! For the students!",neutral
"For me, the class follows the planned timetable. for the students.",neutral
"Generally, the lessons are boring and difficult to follow. at present.",negative
Mujhe lagta hai ki teacher class me topic explain karte hain. students ke liye.,neutral
"Meri taraf se, teacher study material provide karte hain. overall.",neutral
"For me, The lectures are difficult to understand! For the students!",negative
"Overall, study material complete nahi milta. mere according.",negative
"For me, the teacher answers questions patiently! overall!",positive
teacher assigned topics discuss karte hain! mere according!,neutral
"Generally, the instructor discusses the assigned topics. in my opinion.",neutral
"Meri taraf se, practical session laboratory me hota hai. course me.",neutral
I feel that the teacher does not answer questions clearly. overall.,negative
"meri taraf se, class scheduled time par start hoti hai! overall!",neutral
I feel that The class starts according to the schedule! For the students!,neutral
"Overall, teacher class me topic explain karte hain.",neutral
"Overall, the study material is well organized. in the course.",positive
"Meri taraf se, teacher ka explanation confusing hota hai. overall.",negative
Mujhe lagta hai ki class scheduled time par start hoti hai. students ke liye.,neutral
teacher class me topic explain karte hain!,neutral
"Overall, the course includes both theory and practical sessions. in my opinion.",neutral
faculty bilkul supportive nahi hai! classes ke during!,negative
"Generally, the study material is well organized. during the classes.",positive
"overall, students regular class attend karte hain!",neutral
"Generally, the class starts according to the schedule. in my opinion.",neutral
The lessons are engaging and interesting! During the classes!,positive
I feel that The faculty conducts lectures regularly. For the students.,neutral
I feel that the faculty is not supportive. for the students.,negative
I feel that The teacher explains the topic during the class! For the students!,neutral
I feel that the study material is well organized. for the students.,positive
"From my side, the practical sessions are not useful! during the classes!",negative
teacher bahut achha padhate hain!,positive
"Generally, study material kaafi achha hai. classes ke during.",positive
"Overall, the class starts according to the schedule!",neutral
practical session laboratory me hota hai! classes ke during!,neutral
"Experience ke according, teacher assigned topics discuss karte hain. mere according.",neutral
The study material is incomplete. during the classes.,negative
"Generally, the classroom environment is not good. in my opinion.",negative
"Experience ke according, teacher concepts ko clearly samjhate hain. mere according.",positive
"Meri taraf se, class timetable ke according chalti hai! course me!",neutral
I feel that the classroom environment is excellent. at present.,positive
"Meri taraf se, class scheduled time par start hoti hai. course me.",neutral
"Generally, the lessons are engaging and interesting. at present.",positive
"meri taraf se, study material kaafi achha hai! course me!",positive
"Meri taraf se, teacher study material provide karte hain. students ke liye.",neutral
"Experience ke according, teacher study material provide karte hain. classes ke during.",neutral
"Generally, teacher mujhe achhe se nahi padhate hain. abhi tak.",negative
"Mere according, lectures boring aur difficult lagte hain.",negative
"Generally, teacher concepts ko clearly samjhate hain. overall.",positive
"From my side, The practical sessions are not useful! Overall!",negative
"Mere according, teacher ka explanation confusing hota hai!",negative
"Mere according, class scheduled time par start hoti hai.",neutral
"For me, The class follows the planned timetable! Overall!",neutral
"experience ke according, teacher students ko motivate nahi karte! mere according!",negative
I feel that the instructor gives helpful examples. for the students.,positive
I feel that The study material is well organized. At present.,positive
"Generally, The teacher provides study material! In my opinion!",neutral
The classroom environment is excellent! In my opinion!,positive
"Experience ke according, class scheduled time par start hoti hai. abhi tak.",neutral
"From my side, The practical sessions are not useful! At present!",negative
"generally, faculty regular lectures leti hai! overall!",neutral
The lectures are difficult to understand. during the classes.,negative
"Generally, the teacher does not encourage students. during the classes.",negative
"mere according, faculty regular lectures leti hai! students ke liye!",neutral
I feel that The teacher provides study material. Overall.,neutral
mujhe lagta hai ki practical session laboratory me hota hai! overall!,neutral
Teacher questions ko properly explain nahi karte. mere according.,negative
"experience ke according, faculty regular lectures leti hai! classes ke during!",neutral
"Generally, teacher mujhe achhe se nahi padhate hain. overall.",negative
"Generally, class ka environment achha nahi hai. abhi tak.",negative
"Generally, The practical sessions are very useful! In my opinion!",positive
"From my side, the teacher does not explain concepts properly. overall.",negative
The instructor gives helpful examples! In my opinion!,positive
The lectures are difficult to understand. in my opinion.,negative
"Generally, The instructor gives helpful examples. In my opinion.",positive
The lessons are engaging and interesting. in my opinion.,positive
"meri taraf se, class ka environment achha nahi hai! course me!",negative
mujhe lagta hai ki class scheduled time par start hoti hai! abhi tak!,neutral
Class timetable ke according chalti hai. classes ke during.,neutral
"Meri taraf se, teacher concepts ko clearly samjhate hain. course me.",positive
"Experience ke according, teacher class me topic explain karte hain. abhi tak.",neutral
mujhe lagta hai ki class ka environment bahut achha hai! abhi tak!,positive
"Experience ke according, course me theory aur practical dono hain. mere according.",neutral
"Overall, The teacher encourages students to participate.",positive
"experience ke according, teacher questions ko properly explain nahi karte! abhi tak!",negative
"In my experience, The instructor discusses the assigned topics.",neutral
"Generally, study material kaafi achha hai. overall.",positive
"Meri taraf se, teacher assigned topics discuss karte hain. students ke liye.",neutral
"overall, teacher questions ko patiently solve karte hain! mere according!",positive
"generally, teacher lecture me examples dete hain! classes ke during!",neutral
"For me, the faculty is very supportive. for the students.",positive
"Overall, students regular class attend karte hain. course me.",neutral
"mere according, teacher students ko motivate nahi karte!",negative
class me topics easily samajh aa jate hain! mere according!,positive
"Experience ke according, faculty regular lectures leti hai. abhi tak.",neutral
"For me, the teacher does not explain concepts properly. for the students.",negative
Faculty bahut supportive hai. mere according.,positive
"meri taraf se, faculty regular lectures leti hai! students ke liye!",neutral
"Overall, The practical session is conducted in the laboratory! In my opinion!",neutral
"For me, The practical session is conducted in the laboratory! Overall!",neutral
"Overall, The students attend the scheduled classes. In my opinion.",neutral
mujhe lagta hai ki class me topics samajh nahi aate hain! overall!,negative
Lectures interesting aur informative hain. mere according.,positive
I feel that the classroom environment is excellent. overall.,positive
"mere according, class me topics easily samajh aa jate hain! students ke liye!",positive
"For me, the faculty conducts lectures regularly. for the students.",neutral
"overall, teacher lecture me examples dete hain! course me!",neutral
The students attend the scheduled classes.,neutral
"meri taraf se, lectures boring aur difficult lagte hain! course me!",negative
"meri taraf se, teacher questions ko properly explain nahi karte! overall!",negative
"From my side, the teacher gives examples during lectures. at present.",neutral
"From my side, the faculty is not supportive. at present.",negative
"overall, teacher students ko motivate nahi karte!",negative
Mujhe lagta hai ki class ka environment achha nahi hai. students ke liye.,negative
I feel that The instructor gives helpful examples! Overall!,positive
"Overall, teacher concepts ko clearly samjhate hain. course me.",positive
"Experience ke according, teacher assigned topics discuss karte hain. abhi tak.",neutral
"generally, teacher lecture me examples dete hain! overall!",neutral
"For me, the classroom environment is excellent. overall.",positive
"generally, class ka environment achha nahi hai! classes ke during!",negative
I feel that The practical sessions are not useful. For the students.,negative
"Overall, The classroom environment is not good! In the course!",negative
"generally, lectures interesting aur informative hain! overall!",positive
"Meri taraf se, teacher mujhe achhe se nahi padhate hain. overall.",negative
"Mere according, teacher class me topic explain karte hain. students ke liye.",neutral
"Meri taraf se, teacher bahut achha padhate hain. students ke liye.",positive
"Generally, class ka environment achha nahi hai. classes ke during.",negative
"generally, teacher assigned topics discuss karte hain! abhi tak!",neutral
"In my experience, the teacher does not answer questions clearly. for the students.",negative
"Overall, class timetable ke according chalti hai. course me.",neutral
"Generally, The instructor gives confusing explanations! During the classes!",negative
"Overall, the teacher answers questions patiently!",positive
"Overall, The lessons are engaging and interesting!",positive
I feel that The teacher explains the topic during the class! Overall!,neutral
"mere according, class ka environment achha nahi hai! course me!",negative
"Overall, The class follows the planned timetable! In the course!",neutral
"Experience ke according, class ka environment bahut achha hai! mere according!",positive
"Experience ke according, lectures interesting aur informative hain! classes ke during!",positive
The practical sessions are very useful. during the classes.,positive
I feel that the teacher explains the topic during the class. at present.,neutral
Mujhe lagta hai ki class me topics samajh nahi aate hain. overall.,negative
"Meri taraf se, practical session laboratory me hota hai. overall.",neutral
"From my side, The classroom environment is not good. Overall.",negative
Teacher questions ko patiently solve karte hain.,positive
"generally, teacher mujhe achhe se nahi padhate hain! overall!",negative
"Meri taraf se, class ka environment bahut achha hai. overall.",positive
"Meri taraf se, teacher concepts ko clearly samjhate hain. overall.",positive
"Experience ke according, class timetable ke according chalti hai! mere according!",neutral
The class follows the planned timetable. in my opinion.,neutral
mujhe lagta hai ki lectures boring aur difficult lagte hain! students ke liye!,negative
"Meri taraf se, study material complete nahi milta. students ke liye.",negative
"From my side, The practical session is conducted in the laboratory! Overall!",neutral
"From my side, The teacher provides study material! Overall!",neutral
"meri taraf se, class timetable ke according chalti hai! students ke liye!",neutral
"overall, class me topics samajh nahi aate hain! course me!",negative
"From my side, the class follows the planned timetable! overall!",neutral
"In my experience, The class follows the planned timetable.",neutral
"Mere according, class scheduled time par start hoti hai. course me.",neutral
"In my experience, the faculty conducts lectures regularly. for the students.",neutral
"generally, teacher questions ko properly explain nahi karte! overall!",negative
"Overall, class timetable ke according chalti hai.",neutral
"Generally, teacher questions ko patiently solve karte hain. classes ke during.",positive
"mere according, practical session laboratory me hota hai! course me!",neutral
"Experience ke according, teacher students ko motivate nahi karte. classes ke during.",negative
I feel that the teacher does not encourage students. at present.,negative
"mere according, class timetable ke according chalti hai! students ke liye!",neutral
"overall, lectures interesting aur informative hain!",positive
Mujhe lagta hai ki class me topics easily samajh aa jate hain. overall.,positive
"Experience ke according, class ka environment achha nahi hai! classes ke during!",negative
"Generally, The teacher does not answer questions clearly! During the classes!",negative
I feel that The study material is well organized! At present!,positive
"Generally, lectures boring aur difficult lagte hain! abhi tak!",negative
"Overall, The study material is well organized!",positive
"experience ke according, class ka environment achha nahi hai! mere according!",negative
"Meri taraf se, teacher assigned topics discuss karte hain. course me.",neutral
"overall, class timetable ke according chalti hai! course me!",neutral
Class me topics easily samajh aa jate hain. mere according.,positive
Mujhe lagta hai ki practical sessions useful nahi hain. abhi tak.,negative
"Meri taraf se, class me topics easily samajh aa jate hain. students ke liye.",positive
"Experience ke according, teacher study material provide karte hain. abhi tak.",neutral
"Generally, study material complete nahi milta. abhi tak.",negative
"generally, practical session laboratory me hota hai! classes ke during!",neutral
"Generally, the study material is incomplete. during the classes.",negative
"meri taraf se, teacher class me topic explain karte hain! students ke liye!",neutral
"Generally, teacher assigned topics discuss karte hain. abhi tak.",neutral
"From my side, The lectures are difficult to understand. Overall.",negative
"Mere according, class me topics easily samajh aa jate hain.",positive
"generally, teacher bahut achha padhate hain! abhi tak!",positive
"Mere according, study material kaafi achha hai. students ke liye.",positive
"Generally, the teacher provides study material. in my opinion.",neutral
"Overall, The teacher explains concepts clearly! In my opinion!",positive
"generally, teacher questions ko patiently solve karte hain! overall!",positive
"Meri taraf se, study material complete nahi milta. overall.",negative
"generally, lectures boring aur difficult lagte hain! classes ke during!",negative
"In my experience, The class follows the planned timetable!",neutral
class timetable ke according chalti hai! mere according!,neutral
I feel that The course includes both theory and practical sessions! At present!,neutral
"overall, practical sessions useful nahi hain! mere according!",negative
I feel that the teacher explains concepts clearly. for the students.,positive
"overall, teacher assigned topics discuss karte hain! course me!",neutral
"From my side, The faculty is not supportive! During the classes!",negative
"generally, study material kaafi achha hai! abhi tak!",positive
"In my experience, the teacher does not encourage students.",negative
"Overall, teacher assigned topics discuss karte hain.",neutral
I feel that The study material is incomplete. At present.,negative
Mujhe lagta hai ki faculty bilkul supportive nahi hai. overall.,negative
"Overall, the practical sessions are very useful. in the course.",positive
I feel that The teacher encourages students to participate! Overall!,positive
"Generally, teacher lecture me examples dete hain. classes ke during.",neutral
"Experience ke according, faculty regular lectures leti hai. mere according.",neutral
"overall, class ka environment achha nahi hai!",negative
"For me, the teacher does not encourage students. overall.",negative
"Overall, The practical sessions are very useful!",positive
"Overall, the lessons are engaging and interesting. in the course.",positive
"mere according, teacher mujhe achhe se nahi padhate hain! course me!",negative
"Experience ke according, teacher ka explanation confusing hota hai. abhi tak.",negative
"In my experience, the teacher does not explain concepts properly. for the students.",negative
"Overall, the practical sessions are very useful. in my opinion.",positive
"experience ke according, students regular class attend karte hain! abhi tak!",neutral
"Mere according, class ka environment bahut achha hai.",positive
I feel that the teacher gives examples during lectures. at present.,neutral
faculty bahut supportive hai! mere according!,positive
"From my side, The lectures are difficult to understand! Overall!",negative
"Meri taraf se, class ka environment bahut achha hai. course me.",positive
"overall, study material complete nahi milta!",negative
"In my experience, The instructor gives helpful examples!",positive
"overall, study material complete nahi milta! course me!",negative
"From my side, The practical sessions are very useful! At present!",positive
mujhe lagta hai ki teacher mujhe achhe se nahi padhate hain! overall!,negative
I feel that The teacher provides study material! For the students!,neutral
"generally, lectures boring aur difficult lagte hain! abhi tak!",negative
"generally, faculty bahut supportive hai! abhi tak!",positive
The teacher answers questions patiently! in my opinion!,positive
"From my side, The students attend the scheduled classes! At present!",neutral
"experience ke according, teacher ka explanation confusing hota hai! mere according!",negative
Mujhe lagta hai ki lectures boring aur difficult lagte hain! overall!,negative
"mere according, class me topics samajh nahi aate hain! students ke liye!",negative
Teacher assigned topics discuss karte hain. mere according.,neutral
"Experience ke according, course me theory aur practical dono hain. abhi tak.",neutral
lectures boring aur difficult lagte hain! mere according!,negative
mujhe lagta hai ki practical sessions useful nahi hain! abhi tak!,negative
"In my experience, the faculty is not supportive. for the students.",negative
"overall, class scheduled time par start hoti hai! mere according!",neutral
lectures boring aur difficult lagte hain! classes ke during!,negative
"Mere according, class me topics easily samajh aa jate hain. students ke liye.",positive
mujhe lagta hai ki study material kaafi achha hai! abhi tak!,positive
"From my side, the teacher explains concepts clearly. overall.",positive
"meri taraf se, faculty regular lectures leti hai! overall!",neutral
"For me, The practical sessions are not useful! Overall!",negative
"For me, the instructor gives helpful examples. overall.",positive
"generally, teacher lecture me examples dete hain! abhi tak!",neutral
"experience ke according, teacher assigned topics discuss karte hain! mere according!",neutral
"Overall, class scheduled time par start hoti hai. course me.",neutral
"mere according, lectures interesting aur informative hain! students ke liye!",positive
"For me, the instructor gives helpful examples. for the students.",positive
"Overall, teacher assigned topics discuss karte hain! mere according!",neutral
"Generally, the instructor gives helpful examples. in my opinion.",positive
The study material is well organized!,positive
The instructor gives helpful examples. during the classes.,positive
"experience ke according, teacher bahut achha padhate hain! mere according!",positive
I feel that The instructor gives confusing explanations! For the students!,negative
"Overall, the teacher does not explain concepts properly. in the course.",negative
"mere according, class scheduled time par start hoti hai!",neutral
The teacher encourages students to participate. during the classes.,positive
"mere according, teacher questions ko properly explain nahi karte!",negative
practical sessions useful nahi hain! classes ke during!,negative
"overall, teacher students ko motivate karte hain! mere according!",positive
"experience ke according, class timetable ke according chalti hai! mere according!",neutral
"Overall, teacher ka explanation confusing hota hai.",negative
"experience ke according, faculty bahut supportive hai! abhi tak!",positive
The teacher provides study material!,neutral
practical session laboratory me hota hai!,neutral
"For me, the practical sessions are very useful. overall.",positive
"Experience ke according, teacher students ko motivate karte hain. mere according.",positive
"From my side, the instructor gives confusing explanations. overall.",negative
The teacher explains concepts clearly!,positive
"In my experience, The practical sessions are not useful!",negative
"Overall, The practical sessions are not useful! In the course!",negative
"From my side, The students attend the scheduled classes! During the classes!",neutral
"Generally, the teacher encourages students to participate. during the classes.",positive
"In my experience, The teacher explains concepts clearly! For the students!",positive
I feel that The instructor gives confusing explanations! Overall!,negative
I feel that the teacher provides study material. for the students.,neutral
"Overall, the teacher does not answer questions clearly. in my opinion.",negative
"From my side, the practical sessions are very useful. during the classes.",positive
The faculty is not supportive! During the classes!,negative
"Experience ke according, faculty regular lectures leti hai! mere according!",neutral
The teacher does not explain concepts properly!,negative
"experience ke according, teacher study material provide karte hain! abhi tak!",neutral
Mujhe lagta hai ki practical session laboratory me hota hai. abhi tak.,neutral
"Generally, The students attend the scheduled classes! At present!",neutral
Teacher study material provide karte hain. classes ke during.,neutral
Class me topics easily samajh aa jate hain. classes ke during.,positive
"Mere according, class me topics easily samajh aa jate hain. course me.",positive
"meri taraf se, teacher questions ko patiently solve karte hain! course me!",positive
"For me, the faculty is very supportive. overall.",positive
"For me, The classroom environment is excellent! Overall!",positive
"For me, The faculty conducts lectures regularly. In the course.",neutral
I feel that the students attend the scheduled classes. overall.,neutral
"experience ke according, practical session laboratory me hota hai! classes ke during!",neutral
"Overall, teacher class me topic explain karte hain. course me.",neutral
Class ka environment achha nahi hai. classes ke during.,negative
Teacher study material provide karte hain. mere according.,neutral
"Experience ke according, study material kaafi achha hai. classes ke during.",positive
"Generally, practical sessions bahut useful hain! classes ke during!",positive
"mere according, teacher concepts ko clearly samjhate hain! students ke liye!",positive
Mujhe lagta hai ki teacher concepts ko clearly samjhate hain. overall.,positive
practical sessions bahut useful hain!,positive
"generally, practical sessions useful nahi hain! classes ke during!",negative
"Generally, course me theory aur practical dono hain. overall.",neutral
"generally, faculty bahut supportive hai! classes ke during!",positive
"Mere according, study material kaafi achha hai.",positive
"Generally, teacher questions ko properly explain nahi karte. classes ke during.",negative
Course me theory aur practical dono hain. mere according.,neutral
"In my experience, The instructor discusses the assigned topics! In the course!",neutral
"Generally, class ka environment bahut achha hai! classes ke during!",positive
"generally, class scheduled time par start hoti hai! overall!",neutral
Teacher students ko motivate nahi karte. mere according.,negative
"Overall, class me topics easily samajh aa jate hain. course me.",positive
"overall, teacher students ko motivate karte hain! course me!",positive
"Generally, teacher class me topic explain karte hain. overall.",neutral
Class scheduled time par start hoti hai. classes ke during.,neutral
"Experience ke according, practical sessions useful nahi hain. mere according.",negative
"Experience ke according, teacher bahut achha padhate hain. classes ke during.",positive
"overall, teacher questions ko properly explain nahi karte! course me!",negative
"overall, class ka environment bahut achha hai! mere according!",positive
"In my experience, the study material is well organized. in the course.",positive
I feel that The teacher provides study material! Overall!,neutral
"overall, class ka environment bahut achha hai! course me!",positive
"experience ke according, teacher assigned topics discuss karte hain! classes ke during!",neutral
"For me, the teacher answers questions patiently. in the course.",positive
"For me, The instructor gives helpful examples! For the students!",positive
"From my side, the teacher does not explain concepts properly. at present.",negative
"Overall, the teacher does not encourage students.",negative
"Overall, study material kaafi achha hai! mere according!",positive
"Overall, The students attend the scheduled classes! In my opinion!",neutral
I feel that the lectures are difficult to understand. overall.,negative
Practical session laboratory me hota hai. mere according.,neutral
"meri taraf se, faculty bahut supportive hai! course me!",positive
"generally, teacher questions ko properly explain nahi karte! classes ke during!",negative
"experience ke according, students regular class attend karte hain! mere according!",neutral
The study material is incomplete! In my opinion!,negative
mujhe lagta hai ki students regular class attend karte hain! overall!,neutral
"For me, the instructor discusses the assigned topics. overall.",neutral
"Experience ke according, practical session laboratory me hota hai. mere according.",neutral
I feel that The students attend the scheduled classes! At present!,neutral
"Overall, teacher class me topic explain karte hain. mere according.",neutral
I feel that the practical session is conducted in the laboratory. at present.,neutral
Mujhe lagta hai ki teacher lecture me examples dete hain. students ke liye.,neutral
"In my experience, The teacher explains the topic during the class!",neutral
"Overall, teacher questions ko patiently solve karte hain. course me.",positive
"Mere according, course me theory aur practical dono hain. students ke liye.",neutral
The teacher does not answer questions clearly! During the classes!,negative
"Generally, the teacher does not explain concepts properly. in my opinion.",negative
"Overall, class ka environment bahut achha hai. course me.",positive
faculty bahut supportive hai! classes ke during!,positive
"Meri taraf se, teacher concepts ko clearly samjhate hain! course me!",positive
The students attend the scheduled classes! In my opinion!,neutral
"In my experience, The teacher does not encourage students! For the students!",negative
"Meri taraf se, class timetable ke according chalti hai. students ke liye.",neutral
"generally, lectures boring aur difficult lagte hain! overall!",negative
mujhe lagta hai ki teacher assigned topics discuss karte hain! overall!,neutral
"Experience ke according, practical session laboratory me hota hai. classes ke during.",neutral
"In my experience, the teacher explains the topic during the class. for the students.",neutral
"Generally, the classroom environment is not good! at present!",negative
"Overall, teacher students ko motivate karte hain. mere according.",positive
"For me, the lessons are boring and difficult to follow. in the course.",negative
"mere according, faculty bahut supportive hai!",positive
Teacher class me topic explain karte hain. mere according.,neutral
Teacher students ko motivate nahi karte. classes ke during.,negative
Mujhe lagta hai ki teacher students ko motivate nahi karte. abhi tak.,negative
The practical sessions are very useful! During the classes!,positive
Study material kaafi achha hai. mere according.,positive
"Generally, the lectures are difficult to understand. during the classes.",negative
"Overall, teacher mujhe achhe se nahi padhate hain. course me.",negative
"In my experience, The faculty is very supportive! In the course!",positive
"For me, the study material is well organized. overall.",positive
"meri taraf se, class ka environment bahut achha hai! overall!",positive
"Overall, the teacher answers questions patiently. in the course.",positive
mujhe lagta hai ki teacher questions ko properly explain nahi karte! abhi tak!,negative
The teacher encourages students to participate!,positive
"experience ke according, lectures interesting aur informative hain! abhi tak!",positive
"For me, The teacher does not encourage students! In the course!",negative
The lessons are boring and difficult to follow! During the classes!,negative
"Overall, the faculty is very supportive.",positive
"From my side, The classroom environment is excellent. During the classes.",positive
"For me, The instructor gives confusing explanations! For the students!",negative
"Generally, the faculty is very supportive. at present.",positive
"In my experience, the instructor discusses the assigned topics. in the course.",neutral
The teacher encourages students to participate. in my opinion.,positive
"overall, teacher class me topic explain karte hain!",neutral
"Generally, teacher questions ko patiently solve karte hain. overall.",positive
I feel that the lessons are engaging and interesting. overall.,positive
"Experience ke according, teacher ka explanation confusing hota hai. classes ke during.",negative
"Mere according, teacher mujhe achhe se nahi padhate hain! students ke liye!",negative
"From my side, the practical session is conducted in the laboratory. at present.",neutral
"Generally, faculty regular lectures leti hai. classes ke during.",neutral
"mere according, class me topics samajh nahi aate hain!",negative
mujhe lagta hai ki lectures interesting aur informative hain! students ke liye!,positive
"Overall, faculty regular lectures leti hai.",neutral
"Generally, The classroom environment is not good! In my opinion!",negative
"In my experience, the course includes both theory and practical sessions.",neutral
"meri taraf se, class ka environment bahut achha hai! course me!",positive
"generally, faculty bilkul supportive nahi hai! abhi tak!",negative
"From my side, the teacher gives examples during lectures. overall.",neutral
"For me, the class starts according to the schedule. in the course.",neutral
"Mere according, class ka environment bahut achha hai. students ke liye.",positive
"Overall, teacher assigned topics discuss karte hain. course me.",neutral
"Overall, The teacher gives examples during lectures! In my opinion!",neutral
"mere according, class timetable ke according chalti hai!",neutral
"From my side, The instructor discusses the assigned topics! During the classes!",neutral
"Meri taraf se, teacher concepts ko clearly samjhate hain. students ke liye.",positive
"Mere according, teacher lecture me examples dete hain. students ke liye.",neutral
"For me, the study material is incomplete. in the course.",negative
mujhe lagta hai ki practical sessions useful nahi hain! students ke liye!,negative
"Overall, practical sessions bahut useful hain. mere according.",positive
"For me, The teacher does not answer questions clearly! For the students!",negative
"Meri taraf se, teacher questions ko properly explain nahi karte. course me.",negative
mujhe lagta hai ki teacher mujhe achhe se nahi padhate hain! abhi tak!,negative
"Overall, the classroom environment is excellent. in my opinion.",positive
study material kaafi achha hai! classes ke during!,positive
"In my experience, the teacher answers questions patiently.",positive
"Generally, practical sessions useful nahi hain! overall!",negative
Teacher questions ko patiently solve karte hain. classes ke during.,positive
"From my side, The practical session is conducted in the laboratory! At present!",neutral
"From my side, the teacher does not explain concepts properly. during the classes.",negative
teacher ka explanation confusing hota hai! classes ke during!,negative
"Overall, the teacher does not explain concepts properly!",negative
"From my side, The teacher does not explain concepts properly! At present!",negative
The instructor discusses the assigned topics. during the classes.,neutral
"Meri taraf se, teacher class me topic explain karte hain. course me.",neutral
The teacher explains the topic during the class!,neutral
"mere according, faculty regular lectures leti hai! course me!",neutral
"For me, the teacher provides study material. for the students.",neutral
"Mere according, class me topics samajh nahi aate hain!",negative
"Meri taraf se, practical sessions bahut useful hain. students ke liye.",positive
"Generally, teacher students ko motivate nahi karte. overall.",negative
"experience ke according, teacher questions ko properly explain nahi karte! classes ke during!",negative
"Overall, the students attend the scheduled classes! in the course!",neutral
I feel that the lectures are informative and easy to follow. overall.,positive
mujhe lagta hai ki teacher lecture me examples dete hain! students ke liye!,neutral
I feel that the faculty is not supportive. at present.,negative
mujhe lagta hai ki teacher study material provide karte hain! students ke liye!,neutral
I feel that the teacher explains the topic during the class. overall.,neutral
teacher class me topic explain karte hain! mere according!,neutral
"Mere according, class timetable ke according chalti hai.",neutral
mujhe lagta hai ki teacher bahut achha padhate hain! overall!,positive
mujhe lagta hai ki lectures interesting aur informative hain! abhi tak!,positive
Teacher questions ko patiently solve karte hain!,positive
"From my side, the instructor gives confusing explanations. during the classes.",negative
"Generally, the teacher explains concepts clearly. in my opinion.",positive
"Generally, The teacher explains the topic during the class! During the classes!",neutral
"meri taraf se, class me topics samajh nahi aate hain! students ke liye!",negative
"Overall, the teacher does not answer questions clearly. in the course.",negative
"generally, teacher ka explanation confusing hota hai! abhi tak!",negative
teacher assigned topics discuss karte hain!,neutral
teacher students ko motivate karte hain! classes ke during!,positive
I feel that the teacher encourages students to participate! overall!,positive
"Overall, the teacher explains concepts clearly.",positive
I feel that The teacher answers questions patiently! Overall!,positive
"In my experience, the study material is incomplete.",negative
"mere according, teacher concepts ko clearly samjhate hain! course me!",positive
teacher concepts ko clearly samjhate hain! classes ke during!,positive
I feel that The classroom environment is excellent! Overall!,positive
class me topics easily samajh aa jate hain! classes ke during!,positive
"In my experience, The lessons are boring and difficult to follow!",negative
Mujhe lagta hai ki course me theory aur practical dono hain. abhi tak.,neutral
"From my side, The lectures are informative and easy to follow! Overall!",positive
"meri taraf se, teacher class me topic explain karte hain! overall!",neutral
"Generally, The instructor discusses the assigned topics! During the classes!",neutral
I feel that The teacher explains concepts clearly! Overall!,positive
Class timetable ke according chalti hai. mere according.,neutral
"Overall, The class starts according to the schedule! In my opinion!",neutral
"overall, students regular class attend karte hain! mere according!",neutral
"Meri taraf se, class me topics easily samajh aa jate hain. course me.",positive
The teacher gives examples during lectures!,neutral
"Generally, lectures boring aur difficult lagte hain. classes ke during.",negative
I feel that the instructor gives helpful examples. at present.,positive
I feel that the teacher does not explain concepts properly. overall.,negative
"In my experience, The teacher answers questions patiently!",positive
"From my side, The classroom environment is excellent! Overall!",positive
"Overall, class me topics easily samajh aa jate hain.",positive
"From my side, The class starts according to the schedule! Overall!",neutral
Mujhe lagta hai ki teacher assigned topics discuss karte hain. students ke liye.,neutral
"mere according, teacher assigned topics discuss karte hain!",neutral
"Meri taraf se, teacher questions ko patiently solve karte hain. course me.",positive
"mere according, practical session laboratory me hota hai! students ke liye!",neutral
"meri taraf se, study material complete nahi milta! course me!",negative
"For me, the lessons are engaging and interesting. for the students.",positive
"Overall, the lectures are informative and easy to follow.",positive
The teacher provides study material! During the classes!,neutral
"mere according, course me theory aur practical dono hain! students ke liye!",neutral
"Experience ke according, teacher bahut achha padhate hain. abhi tak.",positive
"Overall, teacher questions ko patiently solve karte hain. mere according.",positive
Faculty regular lectures leti hai! classes ke during!,neutral
"In my experience, The teacher gives examples during lectures! For the students!",neutral
"Experience ke according, class me topics samajh nahi aate hain. mere according.",negative
"Mere according, class timetable ke according chalti hai. course me.",neutral
"Overall, the instructor gives helpful examples. in the course.",positive
"For me, The faculty is not supportive! In the course!",negative
"In my experience, The faculty is not supportive!",negative
I feel that the study material is incomplete! overall!,negative
"generally, class ka environment bahut achha hai! abhi tak!",positive
"In my experience, The teacher encourages students to participate! In the course!",positive
I feel that the lectures are difficult to understand. at present.,negative
Mujhe lagta hai ki teacher questions ko patiently solve karte hain. abhi tak.,positive
Teacher assigned topics discuss karte hain! classes ke during!,neutral
"Generally, teacher ka explanation confusing hota hai. overall.",negative
"generally, class ka environment bahut achha hai! classes ke during!",positive
"For me, the practical sessions are very useful. in the course.",positive
"Overall, the practical sessions are not useful.",negative
"For me, The lessons are boring and difficult to follow! Overall!",negative
"Overall, students regular class attend karte hain. mere according.",neutral
The instructor gives confusing explanations. in my opinion.,negative
"For me, The faculty is very supportive! Overall!",positive
"Meri taraf se, teacher students ko motivate karte hain. students ke liye.",positive
"For me, The instructor gives helpful examples! In the course!",positive
"Generally, The teacher provides study material! During the classes!",neutral
"In my experience, the students attend the scheduled classes.",neutral
Teacher assigned topics discuss karte hain. classes ke during.,neutral
"meri taraf se, class timetable ke according chalti hai! course me!",neutral
"Generally, study material complete nahi milta. overall.",negative
"Experience ke according, teacher questions ko properly explain nahi karte. mere according.",negative
"Generally, The faculty is very supportive! During the classes!",positive
I feel that The teacher gives examples during lectures! Overall!,neutral
"Overall, The lessons are engaging and interesting! In the course!",positive
"Generally, teacher concepts ko clearly samjhate hain. abhi tak.",positive
"For me, The teacher does not answer questions clearly! In the course!",negative
mujhe lagta hai ki class ka environment achha nahi hai! abhi tak!,negative
course me theory aur practical dono hain! mere according!,neutral
"Generally, teacher mujhe achhe se nahi padhate hain! overall!",negative
"Experience ke according, study material kaafi achha hai. mere according.",positive
"Generally, teacher concepts ko clearly samjhate hain! abhi tak!",positive
I feel that The practical sessions are not useful! Overall!,negative
"Experience ke according, lectures interesting aur informative hain. mere according.",positive
"Overall, The practical sessions are very useful! In the course!",positive
"Experience ke according, teacher mujhe achhe se nahi padhate hain. abhi tak.",negative
Teacher questions ko properly explain nahi karte! mere according!,negative
"In my experience, the classroom environment is excellent.",positive
mujhe lagta hai ki class me topics samajh nahi aate hain! students ke liye!,negative
"Meri taraf se, practical sessions bahut useful hain. course me.",positive
class ka environment bahut achha hai!,positive
"generally, faculty regular lectures leti hai! classes ke during!",neutral
"Generally, the teacher does not answer questions clearly. in my opinion.",negative
"generally, course me theory aur practical dono hain! classes ke during!",neutral
"Mere according, practical session laboratory me hota hai.",neutral
"Generally, the course includes both theory and practical sessions! at present!",neutral
"For me, the students attend the scheduled classes. overall.",neutral
Faculty regular lectures leti hai. classes ke during.,neutral
"Generally, lectures boring aur difficult lagte hain! classes ke during!",negative
"meri taraf se, class me topics easily samajh aa jate hain! overall!",positive
"meri taraf se, lectures interesting aur informative hain! course me!",positive
"In my experience, the class follows the planned timetable.",neutral
"Experience ke according, class ka environment achha nahi hai. classes ke during.",negative
"Meri taraf se, practical sessions useful nahi hain. students ke liye.",negative
"From my side, the students attend the scheduled classes. during the classes.",neutral
Mujhe lagta hai ki class timetable ke according chalti hai. students ke liye.,neutral
The instructor gives confusing explanations! in my opinion!,negative
"Overall, class me topics samajh nahi aate hain.",negative
"Experience ke according, practical sessions useful nahi hain. abhi tak.",negative
"In my experience, the practical session is conducted in the laboratory. for the students.",neutral
"mere according, students regular class attend karte hain!",neutral
"For me, the teacher gives examples during lectures. in the course.",neutral
"In my experience, The teacher does not explain concepts properly! For the students!",negative
"Generally, class timetable ke according chalti hai. abhi tak.",neutral
"experience ke according, study material kaafi achha hai! classes ke during!",positive
"Generally, The teacher does not answer questions clearly! In my opinion!",negative
"Generally, The teacher provides study material! At present!",neutral
class scheduled time par start hoti hai!,neutral
"Experience ke according, course me theory aur practical dono hain. classes ke during.",neutral
I feel that The lectures are difficult to understand! For the students!,negative
"Overall, the study material is incomplete. in the course.",negative
"Generally, the teacher does not encourage students! in my opinion!",negative
"experience ke according, teacher concepts ko clearly samjhate hain! classes ke during!",positive
"From my side, the teacher explains the topic during the class. overall.",neutral
"Mere according, practical sessions bahut useful hain. students ke liye.",positive
"In my experience, The instructor discusses the assigned topics!",neutral
The instructor discusses the assigned topics. in my opinion.,neutral
"Overall, the practical sessions are not useful. in the course.",negative
"Overall, class me topics samajh nahi aate hain. mere according.",negative
"Overall, the instructor discusses the assigned topics.",neutral
"overall, teacher class me topic explain karte hain! mere according!",neutral
mujhe lagta hai ki teacher study material provide karte hain! abhi tak!,neutral
"Generally, practical sessions bahut useful hain! overall!",positive
"In my experience, The students attend the scheduled classes! For the students!",neutral
"In my experience, the instructor gives confusing explanations! for the students!",negative
Mujhe lagta hai ki study material complete nahi milta! abhi tak!,negative
"Meri taraf se, teacher students ko motivate karte hain. course me.",positive
Faculty bilkul supportive nahi hai. mere according.,negative
Mujhe lagta hai ki lectures interesting aur informative hain. abhi tak.,positive
I feel that the instructor gives confusing explanations. at present.,negative
mujhe lagta hai ki faculty regular lectures leti hai! abhi tak!,neutral
Mujhe lagta hai ki teacher ka explanation confusing hota hai. overall.,negative
"Overall, The lectures are difficult to understand!",negative
"For me, The teacher answers questions patiently! For the students!",positive
"experience ke according, practical sessions bahut useful hain! classes ke during!",positive
"For me, The lectures are difficult to understand! In the course!",negative
"In my experience, The teacher provides study material! For the students!",neutral
"From my side, The study material is well organized! At present!",positive
Mujhe lagta hai ki class timetable ke according chalti hai. overall.,neutral
"For me, the lessons are engaging and interesting. in the course.",positive
"Generally, The practical sessions are not useful! During the classes!",negative
"overall, teacher questions ko patiently solve karte hain!",positive
"From my side, the instructor gives helpful examples! overall!",positive
"In my experience, the instructor gives helpful examples! for the students!",positive
"Overall, the teacher answers questions patiently.",positive
"generally, teacher bahut achha padhate hain! classes ke during!",positive
"mere according, teacher study material provide karte hain! students ke liye!",neutral
"Overall, the course includes both theory and practical sessions. in the course.",neutral
"Mere according, students regular class attend karte hain.",neutral
"In my experience, the lectures are difficult to understand.",negative
Class ka environment achha nahi hai! mere according!,negative
"Overall, The teacher answers questions patiently! In the course!",positive
"Experience ke according, lectures boring aur difficult lagte hain. mere according.",negative
"meri taraf se, study material kaafi achha hai! overall!",positive
"In my experience, the faculty is not supportive. in the course.",negative
"Overall, the lessons are boring and difficult to follow. in the course.",negative
"In my experience, the teacher does not explain concepts properly.",negative
"Experience ke according, teacher class me topic explain karte hain! classes ke during!",neutral
mujhe lagta hai ki teacher study material provide karte hain! overall!,neutral
faculty bilkul supportive nahi hai! mere according!,negative
"experience ke according, practical sessions bahut useful hain! mere according!",positive
"For me, the course includes both theory and practical sessions. overall.",neutral
"From my side, the class starts according to the schedule. overall.",neutral
"Overall, The teacher explains the topic during the class!",neutral
"Generally, the teacher gives examples during lectures. in my opinion.",neutral
I feel that the lessons are boring and difficult to follow. overall.,negative
mujhe lagta hai ki practical sessions bahut useful hain! abhi tak!,positive
lectures interesting aur informative hain! mere according!,positive
"generally, class ka environment bahut achha hai! overall!",positive
"Experience ke according, class scheduled time par start hoti hai. classes ke during.",neutral
Mujhe lagta hai ki teacher ka explanation confusing hota hai! overall!,negative
"In my experience, the faculty conducts lectures regularly. in the course.",neutral
"From my side, the students attend the scheduled classes. overall.",neutral
"Generally, faculty bilkul supportive nahi hai! overall!",negative
"Generally, The classroom environment is excellent! At present!",positive
"mere according, class scheduled time par start hoti hai! students ke liye!",neutral
course me theory aur practical dono hain!,neutral
"generally, teacher students ko motivate nahi karte! abhi tak!",negative
"Mere according, study material complete nahi milta. students ke liye.",negative
Mujhe lagta hai ki faculty bilkul supportive nahi hai. abhi tak.,negative
"For me, The instructor discusses the assigned topics! For the students!",neutral
"experience ke according, practical sessions useful nahi hain! abhi tak!",negative
class timetable ke according chalti hai! classes ke during!,neutral
lectures interesting aur informative hain!,positive
"Generally, teacher class me topic explain karte hain. abhi tak.",neutral
"Overall, practical session laboratory me hota hai. course me.",neutral
"Mere according, teacher study material provide karte hain. students ke liye.",neutral
"mere according, teacher bahut achha padhate hain!",positive
"Overall, the instructor gives confusing explanations.",negative
"Mere according, teacher students ko motivate karte hain. students ke liye.",positive
"Generally, The classroom environment is excellent! During the classes!",positive
"Experience ke according, study material kaafi achha hai! mere according!",positive
"For me, The lectures are difficult to understand! Overall!",negative
"Overall, The teacher answers questions patiently!",positive
"Overall, The lessons are boring and difficult to follow! In my opinion!",negative
"experience ke according, teacher class me topic explain karte hain! abhi tak!",neutral
teacher lecture me examples dete hain!,neutral
"generally, teacher ka explanation confusing hota hai! overall!",negative
The lessons are engaging and interesting! In my opinion!,positive
"From my side, The teacher explains the topic during the class! Overall!",neutral
"mere according, teacher questions ko patiently solve karte hain! course me!",positive
The practical session is conducted in the laboratory! In my opinion!,neutral
"generally, practical sessions bahut useful hain! overall!",positive
"Overall, the teacher provides study material. in the course.",neutral
teacher mujhe achhe se nahi padhate hain!,negative
"For me, the students attend the scheduled classes. for the students.",neutral
I feel that The practical session is conducted in the laboratory! At present!,neutral
"Overall, teacher bahut achha padhate hain. course me.",positive
"Mere according, teacher students ko motivate nahi karte. students ke liye.",negative
I feel that the class starts according to the schedule. overall.,neutral
I feel that the teacher explains concepts clearly! at present!,positive
"overall, course me theory aur practical dono hain! course me!",neutral
The teacher answers questions patiently! During the classes!,positive
"For me, The teacher explains concepts clearly! In the course!",positive
"Experience ke according, lectures interesting aur informative hain. classes ke during.",positive
"overall, teacher students ko motivate karte hain!",positive
"In my experience, The practical sessions are very useful!",positive
"Overall, teacher study material provide karte hain. course me.",neutral
I feel that The teacher provides study material! At present!,neutral
"mere according, teacher bahut achha padhate hain! students ke liye!",positive
"Experience ke according, teacher concepts ko clearly samjhate hain! classes ke during!",positive
The lessons are boring and difficult to follow. in my opinion.,negative
"meri taraf se, teacher ka explanation confusing hota hai! overall!",negative
"For me, The faculty is very supportive! For the students!",positive
The faculty is not supportive!,negative
"Generally, the teacher explains concepts clearly. at present.",positive
Class me topics samajh nahi aate hain. mere according.,negative
I feel that The faculty is not supportive! Overall!,negative
"mere according, practical sessions useful nahi hain! students ke liye!",negative
"For me, The lessons are boring and difficult to follow! For the students!",negative
"In my experience, The study material is incomplete!",negative
"mere according, teacher ka explanation confusing hota hai! course me!",negative
I feel that the teacher provides study material! at present!,neutral
Class me topics samajh nahi aate hain!,negative
"experience ke according, faculty regular lectures leti hai! abhi tak!",neutral
Mujhe lagta hai ki class ka environment bahut achha hai. students ke liye.,positive
The practical sessions are very useful!,positive
Mujhe lagta hai ki course me theory aur practical dono hain. students ke liye.,neutral
"meri taraf se, teacher ka explanation confusing hota hai! students ke liye!",negative
I feel that the teacher explains concepts clearly. overall.,positive
Lectures boring aur difficult lagte hain.,negative
I feel that The teacher gives examples during lectures! At present!,neutral
"overall, lectures boring aur difficult lagte hain! mere according!",negative
"From my side, the faculty conducts lectures regularly! at present!",neutral
"Generally, the lectures are informative and easy to follow. in my opinion.",positive
"Overall, the teacher provides study material. in my opinion.",neutral
"For me, the instructor gives confusing explanations. in the course.",negative
"From my side, the lectures are informative and easy to follow. at present.",positive
"In my experience, The faculty conducts lectures regularly! For the students!",neutral
"Experience ke according, students regular class attend karte hain. mere according.",neutral
I feel that the faculty is not supportive. overall.,negative
The teacher explains concepts clearly. in my opinion.,positive
"Generally, study material complete nahi milta! classes ke during!",negative
"From my side, The lessons are boring and difficult to follow! Overall!",negative
Study material kaafi achha hai. classes ke during.,positive
"Generally, class scheduled time par start hoti hai. classes ke during.",neutral
"experience ke according, class me topics samajh nahi aate hain! classes ke during!",negative
I feel that the teacher answers questions patiently. overall.,positive
"From my side, the instructor discusses the assigned topics. at present.",neutral
"Generally, The instructor gives helpful examples! During the classes!",positive
The class follows the planned timetable. during the classes.,neutral
The faculty is very supportive! In my opinion!,positive
"In my experience, The lectures are informative and easy to follow! For the students!",positive
class ka environment achha nahi hai!,negative
"Generally, The faculty is not supportive! During the classes!",negative
"generally, students regular class attend karte hain! classes ke during!",neutral
"From my side, the practical sessions are very useful! during the classes!",positive
"Generally, the faculty is not supportive. during the classes.",negative
mujhe lagta hai ki faculty bilkul supportive nahi hai! students ke liye!,negative
"overall, teacher lecture me examples dete hain! mere according!",neutral
Mujhe lagta hai ki teacher questions ko patiently solve karte hain. overall.,positive
"In my experience, the teacher encourages students to participate. for the students.",positive
"Overall, study material kaafi achha hai.",positive
"In my experience, the practical sessions are very useful.",positive
"For me, The students attend the scheduled classes! Overall!",neutral
"From my side, The teacher does not encourage students! Overall!",negative
"Mere according, teacher students ko motivate karte hain.",positive
"Generally, the lectures are informative and easy to follow. at present.",positive
"In my experience, The faculty is not supportive! For the students!",negative
I feel that The course includes both theory and practical sessions! For the students!,neutral
The study material is well organized. during the classes.,positive
"For me, the faculty is very supportive. in the course.",positive
"overall, lectures interesting aur informative hain! mere according!",positive
mujhe lagta hai ki study material complete nahi milta! overall!,negative
"Generally, The teacher does not encourage students! In my opinion!",negative
Class ka environment achha nahi hai. mere according.,negative
"Overall, the study material is incomplete. in my opinion.",negative
teacher questions ko patiently solve karte hain!,positive
"In my experience, the lessons are engaging and interesting. in the course.",positive
"Experience ke according, faculty regular lectures leti hai! abhi tak!",neutral
"In my experience, the lessons are boring and difficult to follow.",negative
mujhe lagta hai ki teacher concepts ko clearly samjhate hain! overall!,positive
"Mere according, teacher students ko motivate nahi karte! course me!",negative
"Overall, The teacher provides study material!",neutral
"meri taraf se, teacher students ko motivate karte hain! overall!",positive
mujhe lagta hai ki class ka environment achha nahi hai! students ke liye!,negative
"Mere according, teacher students ko motivate karte hain. course me.",positive
I feel that The teacher does not explain concepts properly! For the students!,negative
teacher questions ko patiently solve karte hain! classes ke during!,positive
"Meri taraf se, faculty bilkul supportive nahi hai! overall!",negative
"From my side, the lectures are difficult to understand. at present.",negative
"generally, class me topics samajh nahi aate hain! abhi tak!",negative
Mujhe lagta hai ki teacher study material provide karte hain. overall.,neutral
I feel that the teacher encourages students to participate. overall.,positive
"Mere according, class ka environment achha nahi hai. students ke liye.",negative
"From my side, the practical sessions are not useful. at present.",negative
"generally, teacher study material provide karte hain! overall!",neutral
"Generally, teacher study material provide karte hain. abhi tak.",neutral
teacher mujhe achhe se nahi padhate hain! classes ke during!,negative
"Generally, the students attend the scheduled classes. at present.",neutral
"Overall, the practical session is conducted in the laboratory.",neutral
"overall, faculty bahut supportive hai! mere according!",positive
"From my side, the practical sessions are not useful. overall.",negative
"For me, The class follows the planned timetable! For the students!",neutral
"For me, the instructor discusses the assigned topics. for the students.",neutral
"From my side, the lectures are difficult to understand. during the classes.",negative
"Overall, teacher mujhe achhe se nahi padhate hain.",negative
"For me, The instructor gives confusing explanations! Overall!",negative
"generally, class timetable ke according chalti hai! classes ke during!",neutral
"Generally, students regular class attend karte hain. overall.",neutral
Mujhe lagta hai ki teacher questions ko properly explain nahi karte. overall.,negative
"Generally, the lessons are engaging and interesting. during the classes.",positive
"Generally, teacher students ko motivate karte hain. overall.",positive
"Overall, the class starts according to the schedule.",neutral
"In my experience, The practical session is conducted in the laboratory!",neutral
"From my side, the teacher provides study material. overall.",neutral
"Mere according, teacher questions ko properly explain nahi karte.",negative
I feel that The teacher does not answer questions clearly! For the students!,negative
"For me, the practical session is conducted in the laboratory. for the students.",neutral
I feel that the teacher does not explain concepts properly. for the students.,negative
mujhe lagta hai ki teacher concepts ko clearly samjhate hain! students ke liye!,positive
"overall, practical sessions bahut useful hain!",positive
"Mere according, study material complete nahi milta! course me!",negative
"Overall, class me topics easily samajh aa jate hain! course me!",positive
"In my experience, The class starts according to the schedule! In the course!",neutral
"From my side, the teacher provides study material! during the classes!",neutral
The faculty is not supportive. during the classes.,negative
mujhe lagta hai ki class me topics easily samajh aa jate hain! students ke liye!,positive
"Overall, the teacher explains concepts clearly. in my opinion.",positive
Mujhe lagta hai ki teacher questions ko properly explain nahi karte! students ke liye!,negative
"Generally, practical session laboratory me hota hai. overall.",neutral
"generally, class me topics easily samajh aa jate hain! overall!",positive
"overall, teacher questions ko properly explain nahi karte! mere according!",negative
"Overall, teacher lecture me examples dete hain. course me.",neutral
"For me, the practical sessions are very useful. for the students.",positive
"For me, the faculty is not supportive. for the students.",negative
Mujhe lagta hai ki lectures boring aur difficult lagte hain. overall.,negative
"Overall, The teacher encourages students to participate! In my opinion!",positive
"For me, the lectures are difficult to understand. for the students.",negative
The practical sessions are very useful. in my opinion.,positive
"For me, The instructor gives confusing explanations! In the course!",negative
"From my side, The faculty is very supportive! At present!",positive
"Generally, the practical sessions are not useful. during the classes.",negative
"Generally, the teacher does not answer questions clearly. during the classes.",negative
"For me, The study material is well organized! Overall!",positive
I feel that the class follows the planned timetable. at present.,neutral
"meri taraf se, faculty bahut supportive hai! students ke liye!",positive
Mujhe lagta hai ki students regular class attend karte hain. abhi tak.,neutral
"From my side, the teacher explains the topic during the class! during the classes!",neutral
"From my side, the classroom environment is excellent. overall.",positive
"Meri taraf se, course me theory aur practical dono hain. students ke liye.",neutral
"Generally, the study material is well organized. in my opinion.",positive
I feel that The teacher answers questions patiently! At present!,positive
"From my side, the instructor discusses the assigned topics. overall.",neutral
"Generally, The teacher encourages students to participate! During the classes!",positive
"In my experience, the teacher does not answer questions clearly. in the course.",negative
"Generally, the instructor gives confusing explanations. at present.",negative
I feel that The practical sessions are not useful! For the students!,negative
"Experience ke according, class me topics samajh nahi aate hain! mere according!",negative
"experience ke according, teacher questions ko patiently solve karte hain! classes ke during!",positive
"In my experience, the teacher gives examples during lectures. for the students.",neutral
Mujhe lagta hai ki teacher assigned topics discuss karte hain. abhi tak.,neutral
"For me, The practical sessions are very useful! Overall!",positive
"From my side, the classroom environment is not good. overall.",negative
Mujhe lagta hai ki teacher bahut achha padhate hain! abhi tak!,positive
teacher study material provide karte hain! classes ke during!,neutral
"Overall, The teacher does not explain concepts properly! In my opinion!",negative
I feel that the instructor gives confusing explanations. overall.,negative
The lectures are informative and easy to follow. during the classes.,positive
"Overall, the lectures are difficult to understand. in my opinion.",negative
"Overall, the faculty is not supportive! in my opinion!",negative
"In my experience, the teacher does not answer questions clearly.",negative
"From my side, the lessons are engaging and interesting. during the classes.",positive
mujhe lagta hai ki teacher lecture me examples dete hain! overall!,neutral
"From my side, the teacher answers questions patiently. at present.",positive
"In my experience, the practical sessions are not useful. for the students.",negative
"From my side, The practical sessions are very useful! Overall!",positive
"Generally, teacher questions ko properly explain nahi karte. abhi tak.",negative
I feel that the class starts according to the schedule. for the students.,neutral
I feel that the teacher does not answer questions clearly. at present.,negative
mujhe lagta hai ki teacher ka explanation confusing hota hai! abhi tak!,negative
"In my experience, the teacher provides study material. in the course.",neutral
I feel that the faculty is very supportive. at present.,positive
I feel that the study material is incomplete. overall.,negative
"Overall, The teacher explains the topic during the class! In my opinion!",neutral
The course includes both theory and practical sessions!,neutral
Teacher assigned topics discuss karte hain.,neutral
class me topics samajh nahi aate hain! classes ke during!,negative
"In my experience, the teacher explains the topic during the class.",neutral
"From my side, The faculty is not supportive! At present!",negative
"Generally, The teacher explains the topic during the class! At present!",neutral
The teacher encourages students to participate! In my opinion!,positive
"For me, the classroom environment is not good. overall.",negative
"From my side, the instructor discusses the assigned topics. during the classes.",neutral
"From my side, The lessons are boring and difficult to follow! At present!",negative
I feel that the practical sessions are very useful. overall.,positive
"Mere according, teacher lecture me examples dete hain.",neutral
"Generally, the classroom environment is not good. at present.",negative
The instructor gives helpful examples. in my opinion.,positive
The teacher does not encourage students. in my opinion.,negative
"overall, teacher assigned topics discuss karte hain!",neutral
The practical sessions are very useful! during the classes!,positive
Mujhe lagta hai ki teacher students ko motivate karte hain. students ke liye.,positive
The faculty conducts lectures regularly! During the classes!,neutral
"In my experience, the instructor gives helpful examples. for the students.",positive
Teacher students ko motivate karte hain. classes ke during.,positive
"In my experience, the faculty is not supportive.",negative
"In my experience, the study material is well organized. for the students.",positive
"Overall, class ka environment achha nahi hai. course me.",negative
"For me, The teacher explains concepts clearly! For the students!",positive
I feel that the teacher does not encourage students. overall.,negative
Mujhe lagta hai ki teacher questions ko properly explain nahi karte. students ke liye.,negative
"Experience ke according, practical sessions useful nahi hain! abhi tak!",negative
"generally, study material complete nahi milta! classes ke during!",negative
"generally, class scheduled time par start hoti hai! classes ke during!",neutral
"Mere according, practical sessions useful nahi hain. students ke liye.",negative
"meri taraf se, lectures interesting aur informative hain! students ke liye!",positive
"Overall, The lectures are informative and easy to follow!",positive
"experience ke according, faculty bahut supportive hai! classes ke during!",positive
"mere according, teacher assigned topics discuss karte hain! course me!",neutral
"Experience ke according, faculty regular lectures leti hai. classes ke during.",neutral
"overall, study material kaafi achha hai!",positive
The lessons are boring and difficult to follow. during the classes.,negative
I feel that The teacher does not answer questions clearly! Overall!,negative
"Generally, The class follows the planned timetable! During the classes!",neutral
"For me, The course includes both theory and practical sessions! Overall!",neutral
"Overall, the faculty is not supportive.",negative
The teacher explains the topic during the class. in my opinion.,neutral
mujhe lagta hai ki study material kaafi achha hai! students ke liye!,positive
I feel that the study material is incomplete. at present.,negative
"For me, The faculty is very supportive! In the course!",positive
"meri taraf se, class scheduled time par start hoti hai! course me!",neutral
"Generally, teacher assigned topics discuss karte hain. overall.",neutral
"Overall, the instructor gives confusing explanations. in my opinion.",negative
Mujhe lagta hai ki practical sessions bahut useful hain. abhi tak.,positive
teacher class me topic explain karte hain! classes ke during!,neutral
"generally, students regular class attend karte hain! abhi tak!",neutral
"Generally, the teacher explains concepts clearly. during the classes.",positive
The teacher does not answer questions clearly. in my opinion.,negative
"mere according, course me theory aur practical dono hain!",neutral
"Mere according, teacher mujhe achhe se nahi padhate hain.",negative
"Meri taraf se, class ka environment achha nahi hai. course me.",negative
Class me topics easily samajh aa jate hain.,positive
Teacher bahut achha padhate hain. mere according.,positive
"For me, The classroom environment is excellent! For the students!",positive
Mujhe lagta hai ki practical sessions useful nahi hain! students ke liye!,negative
"From my side, The course includes both theory and practical sessions! Overall!",neutral
"In my experience, the students attend the scheduled classes. in the course.",neutral
"mere according, teacher bahut achha padhate hain! course me!",positive
"experience ke according, lectures interesting aur informative hain! mere according!",positive
I feel that the lessons are boring and difficult to follow. for the students.,negative
"Generally, teacher questions ko properly explain nahi karte! abhi tak!",negative
"Meri taraf se, class me topics easily samajh aa jate hain. overall.",positive
"From my side, the teacher encourages students to participate. overall.",positive
"generally, lectures interesting aur informative hain! abhi tak!",positive
"Overall, The teacher encourages students to participate! In the course!",positive
"From my side, the lectures are difficult to understand! at present!",negative
"overall, teacher bahut achha padhate hain!",positive
"Overall, The practical sessions are not useful!",negative
"From my side, the practical sessions are very useful. at present.",positive
"experience ke according, class scheduled time par start hoti hai! mere according!",neutral
The course includes both theory and practical sessions! In my opinion!,neutral
"Generally, class timetable ke according chalti hai. overall.",neutral
"From my side, the classroom environment is not good. at present.",negative
"In my experience, The teacher does not answer questions clearly! In the course!",negative
"Generally, faculty bahut supportive hai. abhi tak.",positive
"Generally, the study material is incomplete. in my opinion.",negative
"Generally, the faculty is not supportive! in my opinion!",negative
"Experience ke according, teacher questions ko properly explain nahi karte. classes ke during.",negative
"From my side, The students attend the scheduled classes! Overall!",neutral
"meri taraf se, practical sessions bahut useful hain! overall!",positive
I feel that the lessons are engaging and interesting. for the students.,positive
"In my experience, the teacher encourages students to participate. in the course.",positive
"From my side, the lessons are boring and difficult to follow. overall.",negative
I feel that The teacher explains concepts clearly! At present!,positive
"Generally, the lessons are boring and difficult to follow. in my opinion.",negative
"From my side, The teacher explains concepts clearly! At present!",positive
"Mere according, teacher bahut achha padhate hain. students ke liye.",positive
"Overall, course me theory aur practical dono hain. mere according.",neutral
"Experience ke according, class me topics easily samajh aa jate hain. abhi tak.",positive
The practical sessions are not useful! during the classes!,negative
"From my side, The classroom environment is not good! At present!",negative
class scheduled time par start hoti hai! classes ke during!,neutral
"In my experience, the instructor gives confusing explanations. in the course.",negative
"Generally, the practical sessions are very useful. at present.",positive
"Overall, the teacher does not explain concepts properly.",negative
"generally, students regular class attend karte hain! overall!",neutral
Mujhe lagta hai ki study material kaafi achha hai! overall!,positive
"Overall, teacher study material provide karte hain! course me!",neutral
"In my experience, the teacher encourages students to participate.",positive
"In my experience, the teacher provides study material. for the students.",neutral
"In my experience, The lectures are difficult to understand! In the course!",negative
"Experience ke according, lectures interesting aur informative hain. abhi tak.",positive
The classroom environment is not good! In my opinion!,negative
"From my side, The practical session is conducted in the laboratory! During the classes!",neutral
"From my side, the lectures are informative and easy to follow. during the classes.",positive
"Overall, The instructor gives helpful examples! In my opinion!",positive
"Overall, the teacher answers questions patiently. in my opinion.",positive
"Generally, The practical sessions are very useful! At present!",positive
"For me, the teacher encourages students to participate. overall.",positive
"experience ke according, teacher mujhe achhe se nahi padhate hain! abhi tak!",negative
"overall, practical sessions bahut useful hain! mere according!",positive
"meri taraf se, faculty regular lectures leti hai! course me!",neutral
"Mere according, faculty regular lectures leti hai. course me.",neutral
"Overall, the lessons are engaging and interesting! in the course!",positive
"In my experience, The classroom environment is not good!",negative
"For me, the instructor gives helpful examples. in the course.",positive
"Overall, the teacher does not explain concepts properly. in my opinion.",negative
"Meri taraf se, teacher lecture me examples dete hain. students ke liye.",neutral
"For me, The classroom environment is not good! In the course!",negative
"In my experience, the practical session is conducted in the laboratory!",neutral
I feel that The faculty conducts lectures regularly! Overall!,neutral
"Overall, The study material is well organized! In the course!",positive
"From my side, The teacher explains the topic during the class! At present!",neutral
"experience ke according, study material complete nahi milta! abhi tak!",negative
The teacher provides study material! In my opinion!,neutral
"mere according, teacher students ko motivate karte hain! students ke liye!",positive
"For me, The practical session is conducted in the laboratory! In the course!",neutral
"Overall, The study material is incomplete! In the course!",negative
"mere according, teacher mujhe achhe se nahi padhate hain! students ke liye!",negative
"In my experience, the teacher gives examples during lectures.",neutral
"In my experience, the lessons are engaging and interesting. for the students.",positive
"Generally, faculty bahut supportive hai. overall.",positive
"generally, teacher concepts ko clearly samjhate hain! abhi tak!",positive
I feel that the teacher provides study material. at present.,neutral
"For me, the study material is well organized. in the course.",positive
"Generally, the class follows the planned timetable. at present.",neutral
"Generally, class scheduled time par start hoti hai! abhi tak!",neutral
course me theory aur practical dono hain! classes ke during!,neutral
mujhe lagta hai ki course me theory aur practical dono hain! overall!,neutral
"Overall, the practical sessions are not useful. in my opinion.",negative
"Overall, The instructor discusses the assigned topics!",neutral
"From my side, The teacher encourages students to participate! At present!",positive
I feel that the teacher gives examples during lectures. for the students.,neutral
"Experience ke according, class me topics easily samajh aa jate hain. mere according.",positive
"For me, The lessons are engaging and interesting! In the course!",positive
Course me theory aur practical dono hain!,neutral
mujhe lagta hai ki teacher ka explanation confusing hota hai! overall!,negative
"From my side, the classroom environment is not good. during the classes.",negative
The study material is incomplete!,negative
"Overall, the faculty is very supportive. in my opinion.",positive
"mere according, teacher lecture me examples dete hain!",neutral
The practical sessions are not useful. during the classes.,negative
"From my side, The lessons are engaging and interesting! Overall!",positive
"From my side, The instructor gives helpful examples! At present!",positive
"From my side, The teacher explains concepts clearly! Overall!",positive
"From my side, the teacher encourages students to participate. during the classes.",positive
"Generally, the teacher explains the topic during the class. in my opinion.",neutral
"For me, The lessons are boring and difficult to follow! In the course!",negative
"experience ke according, teacher ka explanation confusing hota hai! abhi tak!",negative
"Overall, The classroom environment is excellent!",positive
"From my side, The teacher does not encourage students! During the classes!",negative
"For me, the students attend the scheduled classes. in the course.",neutral
mujhe lagta hai ki teacher students ko motivate karte hain! overall!,positive
"Generally, practical session laboratory me hota hai! classes ke during!",neutral
"Overall, the teacher encourages students to participate. in the course.",positive
"Generally, faculty regular lectures leti hai! classes ke during!",neutral
mujhe lagta hai ki lectures interesting aur informative hain! overall!,positive
I feel that the lectures are difficult to understand. for the students.,negative
"meri taraf se, lectures boring aur difficult lagte hain! overall!",negative
"overall, teacher concepts ko clearly samjhate hain! course me!",positive
teacher lecture me examples dete hain! mere according!,neutral
I feel that the teacher explains concepts clearly. at present.,positive
"Experience ke according, teacher questions ko properly explain nahi karte. abhi tak.",negative
Mujhe lagta hai ki teacher study material provide karte hain. abhi tak.,neutral
"generally, class ka environment achha nahi hai! overall!",negative
"In my experience, The teacher does not explain concepts properly!",negative
"For me, the classroom environment is not good. in the course.",negative
I feel that the classroom environment is not good. at present.,negative
"For me, The lessons are engaging and interesting! Overall!",positive
"Generally, practical sessions useful nahi hain. overall.",negative
"Generally, The study material is incomplete! In my opinion!",negative
class me topics easily samajh aa jate hain!,positive
"Overall, the faculty conducts lectures regularly.",neutral
I feel that the lessons are boring and difficult to follow. at present.,negative
"Overall, the lessons are engaging and interesting.",positive
"From my side, The instructor gives helpful examples! During the classes!",positive
Teacher concepts ko clearly samjhate hain.,positive
"In my experience, the teacher gives examples during lectures. in the course.",neutral
"generally, faculty bahut supportive hai! overall!",positive
"mere according, faculty bahut supportive hai! students ke liye!",positive
The teacher gives examples during lectures! In my opinion!,neutral
"Experience ke according, course me theory aur practical dono hain! mere according!",neutral
"From my side, the classroom environment is excellent. during the classes.",positive
I feel that the faculty conducts lectures regularly. overall.,neutral
I feel that The lessons are boring and difficult to follow! For the students!,negative
"mere according, faculty bahut supportive hai! course me!",positive
"Overall, the teacher explains the topic during the class.",neutral
"Mere according, faculty regular lectures leti hai! course me!",neutral
The lessons are engaging and interesting. during the classes.,positive
"From my side, the teacher explains concepts clearly. during the classes.",positive
"In my experience, The instructor gives helpful examples! For the students!",positive
"In my experience, The faculty conducts lectures regularly! In the course!",neutral
"In my experience, the classroom environment is not good! in the course!",negative
"Experience ke according, teacher ka explanation confusing hota hai! mere according!",negative
"For me, The teacher explains the topic during the class! In the course!",neutral
"Meri taraf se, teacher ka explanation confusing hota hai. students ke liye.",negative
"Generally, The study material is well organized! During the classes!",positive
"Overall, The faculty is very supportive!",positive
"Generally, teacher assigned topics discuss karte hain! classes ke during!",neutral
"Overall, The study material is incomplete!",negative
"From my side, The teacher gives examples during lectures! Overall!",neutral
"Overall, practical sessions bahut useful hain. course me.",positive
"Experience ke according, study material complete nahi milta! abhi tak!",negative
Class scheduled time par start hoti hai.,neutral
Teacher class me topic explain karte hain! mere according!,neutral
Mujhe lagta hai ki faculty bahut supportive hai. abhi tak.,positive
"Experience ke according, study material complete nahi milta! mere according!",negative
"For me, The faculty conducts lectures regularly! In the course!",neutral
mujhe lagta hai ki course me theory aur practical dono hain! students ke liye!,neutral
"In my experience, The teacher provides study material!",neutral
"Generally, the class starts according to the schedule. during the classes.",neutral
The lessons are boring and difficult to follow!,negative
"generally, class timetable ke according chalti hai! overall!",neutral
"Overall, course me theory aur practical dono hain! course me!",neutral
The teacher does not encourage students. during the classes.,negative
"From my side, The instructor gives confusing explanations! Overall!",negative
I feel that the class starts according to the schedule! at present!,neutral
"Generally, teacher mujhe achhe se nahi padhate hain. classes ke during.",negative
"Overall, teacher questions ko patiently solve karte hain.",positive
"From my side, The faculty is very supportive! During the classes!",positive
"For me, The lessons are engaging and interesting! For the students!",positive
"For me, The students attend the scheduled classes! For the students!",neutral
I feel that The lessons are engaging and interesting! Overall!,positive
"From my side, the teacher provides study material. during the classes.",neutral
The teacher gives examples during lectures. during the classes.,neutral
Class me topics samajh nahi aate hain.,negative
"In my experience, The practical sessions are very useful! For the students!",positive
I feel that The course includes both theory and practical sessions! Overall!,neutral
"For me, The teacher gives examples during lectures! In the course!",neutral
"generally, class timetable ke according chalti hai! abhi tak!",neutral
"meri taraf se, class ka environment bahut achha hai! students ke liye!",positive
I feel that The lessons are boring and difficult to follow! At present!,negative
"From my side, the teacher does not encourage students. overall.",negative
"Experience ke according, teacher students ko motivate karte hain! abhi tak!",positive
"overall, teacher bahut achha padhate hain! mere according!",positive
"Overall, The teacher does not explain concepts properly! In the course!",negative
"Overall, The class starts according to the schedule!",neutral
I feel that The teacher does not explain concepts properly! Overall!,negative
"Generally, the faculty is very supportive. during the classes.",positive
"Overall, the teacher encourages students to participate.",positive
Class timetable ke according chalti hai!,neutral
"In my experience, the faculty is very supportive. for the students.",positive
"Overall, The classroom environment is excellent! In the course!",positive
"Meri taraf se, practical sessions bahut useful hain. overall.",positive
"generally, teacher bahut achha padhate hain! overall!",positive
I feel that the study material is well organized. overall.,positive
"Mere according, lectures boring aur difficult lagte hain!",negative
"Generally, study material kaafi achha hai! classes ke during!",positive
"For me, The class starts according to the schedule! For the students!",neutral
"Experience ke according, practical sessions bahut useful hain. abhi tak.",positive
The study material is incomplete. in my opinion.,negative
"In my experience, the lessons are boring and difficult to follow. in the course.",negative
"Generally, The lectures are informative and easy to follow! In my opinion!",positive
I feel that the study material is well organized. at present.,positive
"Generally, class me topics samajh nahi aate hain! classes ke during!",negative
"Mere according, teacher class me topic explain karte hain! students ke liye!",neutral
"Overall, The teacher does not encourage students!",negative
"For me, the teacher does not answer questions clearly. overall.",negative
The students attend the scheduled classes! During the classes!,neutral
"Overall, the course includes both theory and practical sessions.",neutral
"Overall, the lessons are engaging and interesting. in my opinion.",positive
"overall, teacher ka explanation confusing hota hai!",negative
"In my experience, the practical sessions are not useful.",negative
I feel that The class follows the planned timetable! For the students!,neutral
The classroom environment is not good. in my opinion.,negative
"Overall, the practical session is conducted in the laboratory. in the course.",neutral
"Generally, The faculty conducts lectures regularly! In my opinion!",neutral
The teacher answers questions patiently. in my opinion.,positive
"Generally, The practical sessions are not useful! At present!",negative
"For me, The teacher answers questions patiently! Overall!",positive
I feel that the students attend the scheduled classes. for the students.,neutral
The class starts according to the schedule. during the classes.,neutral
"mere according, teacher ka explanation confusing hota hai!",negative
"For me, The study material is well organized! For the students!",positive
"mere according, teacher concepts ko clearly samjhate hain!",positive
The study material is well organized! In my opinion!,positive
"overall, faculty regular lectures leti hai! mere according!",neutral
"mere according, teacher questions ko patiently solve karte hain!",positive
"Mere according, lectures interesting aur informative hain. course me.",positive
"In my experience, The faculty is not supportive! In the course!",negative
"Generally, The students attend the scheduled classes! In my opinion!",neutral
I feel that the teacher does not encourage students! overall!,negative
"In my experience, the classroom environment is excellent. in the course.",positive
"For me, the faculty conducts lectures regularly. in the course.",neutral
"From my side, the teacher does not encourage students. at present.",negative
"Overall, The faculty conducts lectures regularly!",neutral
"In my experience, the teacher explains concepts clearly. for the students.",positive
"In my experience, The lessons are boring and difficult to follow! For the students!",negative
"In my experience, the students attend the scheduled classes. for the students.",neutral
"For me, The faculty is not supportive! For the students!",negative
"Generally, the lectures are informative and easy to follow! during the classes!",positive
"From my side, The teacher provides study material! During the classes!",neutral
"experience ke according, teacher questions ko patiently solve karte hain! abhi tak!",positive
"Generally, course me theory aur practical dono hain! abhi tak!",neutral
"For me, the teacher encourages students to participate. in the course.",positive
"Overall, the classroom environment is not good. in my opinion.",negative
I feel that the teacher does not answer questions clearly. for the students.,negative
"From my side, the practical session is conducted in the laboratory. during the classes.",neutral
"Generally, teacher study material provide karte hain! overall!",neutral
"experience ke according, teacher students ko motivate karte hain! classes ke during!",positive
I feel that The teacher does not encourage students! At present!,negative
The course includes both theory and practical sessions! During the classes!,neutral
mujhe lagta hai ki students regular class attend karte hain! abhi tak!,neutral
"For me, the practical sessions are not useful. for the students.",negative
"Mere according, class ka environment bahut achha hai! course me!",positive
"Generally, the classroom environment is not good. during the classes.",negative
"Overall, The teacher encourages students to participate!",positive
"From my side, the faculty is very supportive. at present.",positive
"In my experience, The instructor gives confusing explanations!",negative
"For me, the classroom environment is excellent. in the course.",positive
"For me, the faculty is not supportive. in the course.",negative
Mujhe lagta hai ki teacher assigned topics discuss karte hain! overall!,neutral
"Generally, the instructor gives confusing explanations. during the classes.",negative
mujhe lagta hai ki class timetable ke according chalti hai! students ke liye!,neutral
"From my side, The lessons are boring and difficult to follow! During the classes!",negative
"mere according, teacher study material provide karte hain!",neutral
Mujhe lagta hai ki class ka environment achha nahi hai! students ke liye!,negative
"For me, the lectures are difficult to understand. overall.",negative
"For me, the practical sessions are very useful! for the students!",positive
Mujhe lagta hai ki faculty regular lectures leti hai! abhi tak!,neutral
I feel that The teacher does not encourage students! Overall!,negative
"For me, the course includes both theory and practical sessions. for the students.",neutral
"Overall, the lectures are informative and easy to follow. in my opinion.",positive
"Mere according, teacher questions ko properly explain nahi karte!",negative
"For me, the teacher does not explain concepts properly. overall.",negative
"From my side, The lectures are informative and easy to follow! During the classes!",positive
"Overall, The teacher does not encourage students! In the course!",negative
"Mere according, teacher ka explanation confusing hota hai.",negative
"overall, class ka environment bahut achha hai!",positive
"Meri taraf se, class timetable ke according chalti hai. course me.",neutral
teacher bahut achha padhate hain! mere according!,positive
"In my experience, The lectures are informative and easy to follow!",positive
teacher concepts ko clearly samjhate hain! mere according!,positive
I feel that The classroom environment is not good! For the students!,negative
"Overall, the class starts according to the schedule. in the course.",neutral
"Generally, teacher questions ko patiently solve karte hain! abhi tak!",positive
"generally, teacher assigned topics discuss karte hain! classes ke during!",neutral
"meri taraf se, teacher assigned topics discuss karte hain! course me!",neutral
"Overall, the instructor gives helpful examples.",positive
"In my experience, The study material is well organized!",positive
"For me, The instructor gives helpful examples! Overall!",positive
"mere according, class ka environment bahut achha hai! students ke liye!",positive
"Generally, The teacher does not explain concepts properly! During the classes!",negative
mujhe lagta hai ki teacher questions ko patiently solve karte hain! overall!,positive
"From my side, The lectures are difficult to understand! During the classes!",negative
I feel that The study material is well organized! For the students!,positive
Mujhe lagta hai ki class scheduled time par start hoti hai! students ke liye!,neutral
"Experience ke according, faculty bilkul supportive nahi hai! abhi tak!",negative
mujhe lagta hai ki teacher ka explanation confusing hota hai! students ke liye!,negative
"Overall, the teacher does not encourage students. in the course.",negative
"From my side, the teacher answers questions patiently. during the classes.",positive
"For me, the lessons are boring and difficult to follow. for the students.",negative
"In my experience, The teacher answers questions patiently! In the course!",positive
Class timetable ke according chalti hai.,neutral
"Generally, the study material is well organized. at present.",positive
"experience ke according, practical sessions useful nahi hain! classes ke during!",negative
I feel that the teacher does not explain concepts properly. at present.,negative
"Overall, teacher ka explanation confusing hota hai! course me!",negative
I feel that The instructor gives confusing explanations! At present!,negative
"Generally, the class follows the planned timetable. in my opinion.",neutral
"Overall, practical session laboratory me hota hai. mere according.",neutral
class scheduled time par start hoti hai! mere according!,neutral
"generally, teacher mujhe achhe se nahi padhate hain! classes ke during!",negative
"Generally, The instructor gives helpful examples! At present!",positive
"Meri taraf se, teacher questions ko properly explain nahi karte! course me!",negative
I feel that the lessons are engaging and interesting. at present.,positive
"Overall, the classroom environment is excellent. in the course.",positive
"Generally, the faculty is very supportive! in my opinion!",positive
The teacher does not explain concepts properly. in my opinion.,negative
The students attend the scheduled classes!,neutral
"From my side, The teacher answers questions patiently! At present!",positive
The lectures are difficult to understand! During the classes!,negative
"Overall, The lectures are informative and easy to follow! In my opinion!",positive
Teacher students ko motivate karte hain! mere according!,positive
The class starts according to the schedule! During the classes!,neutral
"Meri taraf se, practical sessions bahut useful hain! students ke liye!",positive
"From my side, the study material is incomplete. at present.",negative
The teacher explains concepts clearly! During the classes!,positive
"Mere according, students regular class attend karte hain. students ke liye.",neutral
"Generally, class me topics easily samajh aa jate hain! overall!",positive
"Experience ke according, teacher bahut achha padhate hain! classes ke during!",positive
"overall, faculty bahut supportive hai!",positive
"overall, lectures interesting aur informative hain! course me!",positive
"experience ke according, lectures boring aur difficult lagte hain! mere according!",negative
"Generally, teacher class me topic explain karte hain! overall!",neutral
"For me, The teacher provides study material! Overall!",neutral
"overall, practical session laboratory me hota hai!",neutral
Mujhe lagta hai ki class ka environment achha nahi hai. abhi tak.,negative
Mujhe lagta hai ki class timetable ke according chalti hai! overall!,neutral
"Overall, The study material is incomplete! In my opinion!",negative
"In my experience, The classroom environment is excellent! For the students!",positive
The lectures are informative and easy to follow! In my opinion!,positive
"In my experience, The practical session is conducted in the laboratory! For the students!",neutral
"Meri taraf se, lectures boring aur difficult lagte hain! course me!",negative
"mere according, study material complete nahi milta! course me!",negative
The lessons are engaging and interesting!,positive
"For me, the teacher explains the topic during the class. for the students.",neutral
mujhe lagta hai ki class scheduled time par start hoti hai! students ke liye!,neutral
"From my side, The class starts according to the schedule! At present!",neutral
"From my side, The class starts according to the schedule! During the classes!",neutral
The instructor gives confusing explanations!,negative
"Generally, The teacher does not encourage students! During the classes!",negative
"overall, teacher ka explanation confusing hota hai! course me!",negative
"Meri taraf se, teacher students ko motivate nahi karte! students ke liye!",negative
"meri taraf se, teacher students ko motivate karte hain! course me!",positive
"Meri taraf se, teacher ka explanation confusing hota hai! course me!",negative
The teacher does not encourage students!,negative
"In my experience, The practical sessions are not useful! For the students!",negative
"In my experience, the teacher does not encourage students. in the course.",negative
I feel that The lectures are informative and easy to follow! For the students!,positive
"For me, the teacher does not encourage students. in the course.",negative
The teacher explains the topic during the class! In my opinion!,neutral
"Generally, The study material is well organized! At present!",positive
The students attend the scheduled classes. during the classes.,neutral
"mere according, teacher class me topic explain karte hain! students ke liye!",neutral
"For me, the teacher does not encourage students. for the students.",negative
"Overall, The teacher does not answer questions clearly!",negative
"generally, practical sessions useful nahi hain! abhi tak!",negative
"Overall, The practical sessions are not useful! In my opinion!",negative
"Generally, practical session laboratory me hota hai! overall!",neutral
"For me, The teacher explains concepts clearly! Overall!",positive
Mujhe lagta hai ki study material complete nahi milta. abhi tak.,negative
"Generally, the teacher explains the topic during the class. at present.",neutral
"Overall, The teacher explains concepts clearly!",positive
"Generally, lectures interesting aur informative hain! abhi tak!",positive
"For me, the study material is well organized! in the course!",positive
"overall, teacher concepts ko clearly samjhate hain! mere according!",positive
I feel that The classroom environment is excellent! At present!,positive
"Generally, The practical sessions are very useful! During the classes!",positive
"Generally, The lessons are boring and difficult to follow! In my opinion!",negative
I feel that the instructor discusses the assigned topics. at present.,neutral
"In my experience, the class starts according to the schedule! in the course!",neutral
"From my side, The faculty is very supportive! Overall!",positive
"From my side, the lessons are engaging and interesting. at present.",positive
"From my side, the instructor gives helpful examples. overall.",positive
I feel that the lessons are boring and difficult to follow! for the students!,negative
"Overall, The teacher does not answer questions clearly! In the course!",negative
"From my side, the teacher gives examples during lectures. during the classes.",neutral
"Generally, class timetable ke according chalti hai! abhi tak!",neutral
"For me, The practical sessions are very useful! For the students!",positive
Teacher assigned topics discuss karte hain!,neutral
I feel that The lectures are informative and easy to follow! At present!,positive
"Generally, The lessons are engaging and interesting! In my opinion!",positive
I feel that The faculty is very supportive! Overall!,positive
"From my side, the study material is incomplete. during the classes.",negative
"Overall, The course includes both theory and practical sessions!",neutral
"For me, The teacher provides study material! In the course!",neutral
Study material kaafi achha hai!,positive
"Overall, teacher assigned topics discuss karte hain. mere according.",neutral
"Overall, The lectures are informative and easy to follow! In the course!",positive
"In my experience, the class starts according to the schedule. for the students.",neutral
"In my experience, The teacher does not encourage students! In the course!",negative
I feel that The students attend the scheduled classes! For the students!,neutral
"In my experience, The teacher does not explain concepts properly! In the course!",negative
I feel that the instructor gives confusing explanations. for the students.,negative
"Experience ke according, class ka environment achha nahi hai! abhi tak!",negative
"For me, The study material is incomplete! For the students!",negative
"overall, teacher questions ko patiently solve karte hain! course me!",positive
The teacher explains concepts clearly. during the classes.,positive
"Overall, the students attend the scheduled classes. in the course.",neutral
"Meri taraf se, teacher students ko motivate nahi karte! overall!",negative
"Meri taraf se, lectures interesting aur informative hain! course me!",positive
The instructor gives helpful examples! During the classes!,positive
I feel that the instructor discusses the assigned topics. overall.,neutral
"Generally, The practical session is conducted in the laboratory! At present!",neutral
"Generally, The class follows the planned timetable! In my opinion!",neutral
"From my side, The lectures are informative and easy to follow! At present!",positive
"Overall, The instructor gives confusing explanations!",negative
Mujhe lagta hai ki teacher mujhe achhe se nahi padhate hain! students ke liye!,negative
I feel that The faculty is not supportive! At present!,negative
"Overall, the classroom environment is not good.",negative
mujhe lagta hai ki teacher students ko motivate nahi karte! abhi tak!,negative
"Generally, The teacher explains concepts clearly! At present!",positive
The faculty conducts lectures regularly! In my opinion!,neutral
"For me, The lectures are informative and easy to follow! For the students!",positive
"From my side, The teacher gives examples during lectures! During the classes!",neutral
"In my experience, The teacher gives examples during lectures! In the course!",neutral
"Overall, the teacher explains concepts clearly!",positive
"Overall, The lessons are boring and difficult to follow! In the course!",negative
"From my side, the practical sessions are very useful. overall.",positive
"For me, The teacher does not explain concepts properly! Overall!",negative
"In my experience, the instructor gives helpful examples. in the course.",positive
"experience ke according, class me topics samajh nahi aate hain! mere according!",negative
"For me, the teacher gives examples during lectures! for the students!",neutral
teacher questions ko properly explain nahi karte!,negative
"Overall, teacher bahut achha padhate hain!",positive
"Overall, The faculty conducts lectures regularly! In my opinion!",neutral
"In my experience, the teacher provides study material.",neutral
"Overall, The classroom environment is not good! In my opinion!",negative
Teacher mujhe achhe se nahi padhate hain. mere according.,negative
"In my experience, the class follows the planned timetable. for the students.",neutral
"From my side, The teacher encourages students to participate! Overall!",positive
"For me, The teacher encourages students to participate! Overall!",positive
"In my experience, the faculty conducts lectures regularly.",neutral
"Generally, The teacher gives examples during lectures! In my opinion!",neutral
"Overall, the study material is incomplete.",negative
"meri taraf se, class ka environment achha nahi hai! overall!",negative
"From my side, the course includes both theory and practical sessions! overall!",neutral
"Generally, The instructor gives confusing explanations! At present!",negative
"In my experience, the classroom environment is not good. in the course.",negative
"For me, the teacher explains concepts clearly. for the students.",positive
"In my experience, The study material is well organized! For the students!",positive
Teacher questions ko patiently solve karte hain! mere according!,positive
"In my experience, The study material is well organized! In the course!",positive
I feel that The faculty is not supportive! For the students!,negative
"Overall, faculty regular lectures leti hai!",neutral
"Mere according, teacher questions ko patiently solve karte hain! students ke liye!",positive
"For me, the teacher does not explain concepts properly! overall!",negative
"From my side, The teacher encourages students to participate! During the classes!",positive
"For me, The faculty conducts lectures regularly! For the students!",neutral
"From my side, the lectures are informative and easy to follow. overall.",positive
"Overall, class me topics easily samajh aa jate hain!",positive
"Overall, the teacher does not encourage students. in my opinion.",negative
faculty bilkul supportive nahi hai!,negative
"In my experience, The lectures are informative and easy to follow! In the course!",positive
I feel that The class follows the planned timetable! At present!,neutral
teacher mujhe achhe se nahi padhate hain! mere according!,negative
"In my experience, The teacher explains the topic during the class! For the students!",neutral
Mujhe lagta hai ki class ka environment bahut achha hai! overall!,positive
"meri taraf se, practical session laboratory me hota hai! overall!",neutral
The class follows the planned timetable! in my opinion!,neutral
"Generally, The study material is well organized! In my opinion!",positive
The instructor discusses the assigned topics!,neutral
"Overall, The teacher gives examples during lectures!",neutral
"For me, the teacher does not answer questions clearly. in the course.",negative
I feel that The class starts according to the schedule! Overall!,neutral
"experience ke according, faculty bilkul supportive nahi hai! abhi tak!",negative
"experience ke according, teacher students ko motivate nahi karte! classes ke during!",negative
The faculty is very supportive!,positive
"generally, practical sessions useful nahi hain! overall!",negative
"mere according, practical sessions bahut useful hain! course me!",positive
I feel that The teacher does not encourage students! For the students!,negative
Mujhe lagta hai ki practical sessions useful nahi hain! abhi tak!,negative
"From my side, the teacher provides study material. at present.",neutral
Class scheduled time par start hoti hai. mere according.,neutral
"In my experience, The lectures are difficult to understand! For the students!",negative
I feel that the class starts according to the schedule. at present.,neutral
"In my experience, The classroom environment is not good! For the students!",negative
"Overall, The teacher explains the topic during the class! In the course!",neutral
"Mere according, faculty bilkul supportive nahi hai! course me!",negative
"Overall, the class starts according to the schedule. in my opinion.",neutral
Mujhe lagta hai ki teacher students ko motivate karte hain! abhi tak!,positive
The teacher does not answer questions clearly. during the classes.,negative
"Overall, The instructor gives confusing explanations! In the course!",negative
"Overall, faculty bahut supportive hai! mere according!",positive
"For me, The lectures are informative and easy to follow! In the course!",positive
I feel that The study material is incomplete! At present!,negative
"Generally, the course includes both theory and practical sessions. at present.",neutral
"mere according, class me topics samajh nahi aate hain! course me!",negative
"Overall, class me topics samajh nahi aate hain! mere according!",negative
"From my side, The lessons are engaging and interesting! During the classes!",positive
I feel that The instructor gives helpful examples! For the students!,positive
"Generally, the lectures are informative and easy to follow. during the classes.",positive
The lectures are informative and easy to follow!,positive
"Generally, The teacher explains the topic during the class! In my opinion!",neutral
"In my experience, The instructor gives helpful examples! In the course!",positive
"Overall, practical sessions bahut useful hain!",positive
I feel that The teacher encourages students to participate! At present!,positive
"In my experience, The study material is incomplete! In the course!",negative
"Overall, The teacher provides study material! In my opinion!",neutral
Class me topics easily samajh aa jate hain! mere according!,positive
"From my side, the teacher does not answer questions clearly. overall.",negative
"In my experience, The faculty is very supportive! For the students!",positive
"Generally, the faculty is very supportive. in my opinion.",positive
"Overall, the lectures are informative and easy to follow. in the course.",positive
"Experience ke according, teacher questions ko properly explain nahi karte! classes ke during!",negative
"Overall, class ka environment achha nahi hai! course me!",negative
"In my experience, The practical session is conducted in the laboratory! In the course!",neutral
The teacher does not answer questions clearly! in my opinion!,negative
"From my side, the faculty conducts lectures regularly. at present.",neutral
"Generally, the teacher gives examples during lectures. at present.",neutral
"From my side, The course includes both theory and practical sessions! At present!",neutral
"Generally, The instructor gives helpful examples! In my opinion!",positive
"Generally, The lectures are difficult to understand! During the classes!",negative
Mujhe lagta hai ki study material complete nahi milta! overall!,negative
"Generally, The teacher gives examples during lectures! At present!",neutral
"In my experience, The teacher encourages students to participate!",positive
The teacher does not explain concepts properly! In my opinion!,negative
Mujhe lagta hai ki teacher concepts ko clearly samjhate hain! overall!,positive
"Mere according, class scheduled time par start hoti hai! students ke liye!",neutral
"In my experience, the teacher explains concepts clearly.",positive
"Mere according, class scheduled time par start hoti hai!",neutral
"For me, The faculty is not supportive! Overall!",negative
"Generally, The teacher explains concepts clearly! During the classes!",positive
"In my experience, The instructor gives confusing explanations! In the course!",negative
"For me, The study material is incomplete! In the course!",negative
Mujhe lagta hai ki lectures interesting aur informative hain! overall!,positive
Mujhe lagta hai ki course me theory aur practical dono hain! overall!,neutral
"Overall, the faculty conducts lectures regularly. in the course.",neutral
I feel that the class follows the planned timetable. overall.,neutral
"From my side, The teacher provides study material! At present!",neutral
"Generally, The instructor discusses the assigned topics! In my opinion!",neutral
"Overall, the faculty is very supportive! in my opinion!",positive
I feel that the faculty is very supportive. overall.,positive
"Generally, The classroom environment is excellent! In my opinion!",positive
faculty regular lectures leti hai! mere according!,neutral
"From my side, the instructor gives helpful examples. at present.",positive
"Generally, The class starts according to the schedule! In my opinion!",neutral
"Mere according, teacher students ko motivate karte hain! students ke liye!",positive
The course includes both theory and practical sessions. during the classes.,neutral
"Generally, teacher students ko motivate nahi karte! classes ke during!",negative
The teacher explains the topic during the class! during the classes!,neutral
"generally, study material kaafi achha hai! overall!",positive
The faculty is very supportive! During the classes!,positive
"Generally, The teacher answers questions patiently! During the classes!",positive
Mujhe lagta hai ki teacher questions ko patiently solve karte hain! students ke liye!,positive
"Overall, the students attend the scheduled classes.",neutral
"Mere according, teacher students ko motivate karte hain! course me!",positive
"Meri taraf se, class ka environment bahut achha hai! students ke liye!",positive
The study material is well organized! During the classes!,positive
"Overall, the teacher explains the topic during the class! in my opinion!",neutral
"Experience ke according, teacher concepts ko clearly samjhate hain! mere according!",positive
I feel that the classroom environment is not good. overall.,negative
"From my side, the instructor gives confusing explanations. at present.",negative
"Generally, the instructor gives helpful examples. at present.",positive
"From my side, The study material is incomplete! At present!",negative
"Overall, The class follows the planned timetable!",neutral
"Generally, the students attend the scheduled classes! during the classes!",neutral
Teacher ka explanation confusing hota hai!,negative
"Generally, the instructor discusses the assigned topics. during the classes.",neutral
"Meri taraf se, study material complete nahi milta! students ke liye!",negative
"For me, The instructor discusses the assigned topics! In the course!",neutral
"For me, The study material is incomplete! Overall!",negative
I feel that the instructor gives confusing explanations! for the students!,negative
"Overall, The teacher explains concepts clearly! In the course!",positive
"From my side, the class follows the planned timetable. overall.",neutral
"From my side, the course includes both theory and practical sessions. at present.",neutral
"In my experience, the class follows the planned timetable! for the students!",neutral
"In my experience, the lectures are informative and easy to follow. in the course.",positive
Mujhe lagta hai ki faculty bahut supportive hai! abhi tak!,positive
"For me, The practical sessions are not useful! In the course!",negative
The classroom environment is not good!,negative
"Generally, the faculty is not supportive. at present.",negative
"Meri taraf se, teacher class me topic explain karte hain! overall!",neutral
"Meri taraf se, class me topics easily samajh aa jate hain! course me!",positive
Faculty bilkul supportive nahi hai! classes ke during!,negative
"Overall, study material complete nahi milta! mere according!",negative
"In my experience, the lessons are engaging and interesting! for the students!",positive
"Generally, The teacher answers questions patiently! In my opinion!",positive
"In my experience, the instructor discusses the assigned topics.",neutral
"For me, The teacher does not explain concepts properly! For the students!",negative
"From my side, The study material is well organized! During the classes!",positive
I feel that The teacher does not explain concepts properly! At present!,negative
"Overall, teacher students ko motivate karte hain!",positive
"For me, the practical session is conducted in the laboratory. in the course.",neutral
"Generally, The faculty conducts lectures regularly! During the classes!",neutral
The teacher encourages students to participate! During the classes!,positive
"Generally, the teacher does not encourage students. in my opinion.",negative
"In my experience, the instructor gives helpful examples.",positive
"Generally, teacher mujhe achhe se nahi padhate hain! abhi tak!",negative
"Generally, the practical sessions are not useful. at present.",negative
"For me, the teacher explains concepts clearly. in the course.",positive
Practical session laboratory me hota hai! classes ke during!,neutral
"Overall, the study material is well organized. in my opinion.",positive
"For me, the teacher explains the topic during the class! for the students!",neutral
"Meri taraf se, class me topics easily samajh aa jate hain! overall!",positive
"Experience ke according, teacher assigned topics discuss karte hain! mere according!",neutral
Class me topics samajh nahi aate hain! classes ke during!,negative
I feel that The students attend the scheduled classes! Overall!,neutral
"For me, the faculty conducts lectures regularly. overall.",neutral
"Generally, The teacher does not explain concepts properly! In my opinion!",negative
"In my experience, the lectures are difficult to understand. for the students.",negative
"Generally, The faculty conducts lectures regularly! At present!",neutral
Teacher lecture me examples dete hain! mere according!,neutral
"Generally, the teacher answers questions patiently. at present.",positive
I feel that the instructor discusses the assigned topics! for the students!,neutral
"Overall, the faculty is not supportive. in my opinion.",negative
"In my experience, the study material is incomplete. for the students.",negative
"Overall, The faculty is not supportive! In the course!",negative
I feel that the classroom environment is excellent. for the students.,positive
I feel that The classroom environment is not good! Overall!,negative
"In my experience, the study material is well organized!",positive
"Generally, The teacher encourages students to participate! In my opinion!",positive
"For me, the course includes both theory and practical sessions. in the course.",neutral
I feel that The teacher encourages students to participate! For the students!,positive
"experience ke according, teacher mujhe achhe se nahi padhate hain! classes ke during!",negative
"Generally, the lessons are boring and difficult to follow. during the classes.",negative
"overall, teacher students ko motivate nahi karte! mere according!",negative
"Mere according, practical sessions bahut useful hain! course me!",positive
"Generally, The practical session is conducted in the laboratory! In my opinion!",neutral
I feel that The class follows the planned timetable! Overall!,neutral
"Experience ke according, teacher class me topic explain karte hain! abhi tak!",neutral
"Meri taraf se, teacher questions ko patiently solve karte hain! course me!",positive
"From my side, The study material is incomplete! During the classes!",negative
"Generally, class ka environment achha nahi hai! overall!",negative
I feel that The study material is incomplete! For the students!,negative
"For me, the lectures are difficult to understand. in the course.",negative
"generally, practical session laboratory me hota hai! abhi tak!",neutral
"Generally, the class starts according to the schedule. at present.",neutral
"mere according, teacher students ko motivate karte hain!",positive
I feel that The instructor discusses the assigned topics! Overall!,neutral
"From my side, The class follows the planned timetable! Overall!",neutral
"In my experience, The lessons are boring and difficult to follow! In the course!",negative
The teacher does not explain concepts properly! During the classes!,negative
"Overall, class timetable ke according chalti hai! mere according!",neutral
"Generally, The faculty is not supportive! At present!",negative
"Overall, the class follows the planned timetable. in my opinion.",neutral
"Meri taraf se, class me topics samajh nahi aate hain! students ke liye!",negative
The instructor discusses the assigned topics! In my opinion!,neutral
"Overall, The class follows the planned timetable! In my opinion!",neutral
"Generally, teacher questions ko patiently solve karte hain! overall!",positive
"Meri taraf se, teacher study material provide karte hain! course me!",neutral
"In my experience, the study material is well organized.",positive
"Meri taraf se, teacher mujhe achhe se nahi padhate hain! course me!",negative
Mujhe lagta hai ki practical session laboratory me hota hai! abhi tak!,neutral
"Meri taraf se, practical session laboratory me hota hai! overall!",neutral
"Overall, The faculty is not supportive!",negative
The classroom environment is not good. during the classes.,negative
"Mere according, class timetable ke according chalti hai!",neutral
"From my side, The instructor gives helpful examples! Overall!",positive
The teacher does not answer questions clearly!,negative
"In my experience, The practical sessions are not useful! In the course!",negative
I feel that The lessons are boring and difficult to follow! Overall!,negative
"Overall, the teacher does not encourage students! in my opinion!",negative
"Overall, the teacher explains the topic during the class. in my opinion.",neutral
"For me, the teacher gives examples during lectures. for the students.",neutral
The faculty conducts lectures regularly!,neutral
"overall, teacher assigned topics discuss karte hain! mere according!",neutral
I feel that the teacher encourages students to participate. at present.,positive
"From my side, the faculty is very supportive. during the classes.",positive
"Meri taraf se, teacher lecture me examples dete hain! overall!",neutral
Teacher lecture me examples dete hain! classes ke during!,neutral
I feel that the teacher provides study material. overall.,neutral
Practical sessions bahut useful hain! classes ke during!,positive
"Mere according, teacher lecture me examples dete hain! students ke liye!",neutral
"meri taraf se, course me theory aur practical dono hain! course me!",neutral
"From my side, The study material is well organized! Overall!",positive
The instructor gives confusing explanations. during the classes.,negative
The classroom environment is not good! During the classes!,negative
The practical session is conducted in the laboratory. during the classes.,neutral
I feel that The class starts according to the schedule! At present!,neutral
"For me, the faculty conducts lectures regularly! in the course!",neutral
Mujhe lagta hai ki course me theory aur practical dono hain! students ke liye!,neutral
I feel that the classroom environment is excellent! at present!,positive
"From my side, The classroom environment is not good! Overall!",negative
"For me, the teacher does not answer questions clearly! overall!",negative
"Overall, The faculty is not supportive! In my opinion!",negative
"Mere according, teacher study material provide karte hain! students ke liye!",neutral
"Generally, The lectures are difficult to understand! At present!",negative
"Meri taraf se, faculty regular lectures leti hai! students ke liye!",neutral
"Meri taraf se, teacher bahut achha padhate hain! overall!",positive
Mujhe lagta hai ki faculty bilkul supportive nahi hai! abhi tak!,negative
Study material complete nahi milta! classes ke during!,negative
The study material is well organized. in my opinion.,positive
"Generally, The faculty is very supportive! At present!",positive
"Generally, the instructor discusses the assigned topics! during the classes!",neutral
"For me, The classroom environment is not good! Overall!",negative
"For me, The students attend the scheduled classes! In the course!",neutral
I feel that the instructor discusses the assigned topics. for the students.,neutral
"In my experience, The classroom environment is not good! In the course!",negative
"Meri taraf se, teacher assigned topics discuss karte hain! students ke liye!",neutral
"Mere according, practical sessions useful nahi hain! course me!",negative
"Generally, faculty bahut supportive hai! classes ke during!",positive
"Experience ke according, course me theory aur practical dono hain! classes ke during!",neutral
"Generally, The instructor discusses the assigned topics! At present!",neutral
"Generally, the teacher gives examples during lectures! in my opinion!",neutral
"From my side, the study material is well organized. at present.",positive
"experience ke according, teacher concepts ko clearly samjhate hain! mere according!",positive
"Overall, teacher questions ko properly explain nahi karte! course me!",negative
"meri taraf se, lectures boring aur difficult lagte hain! students ke liye!",negative
"In my experience, the course includes both theory and practical sessions. for the students.",neutral
"Experience ke according, teacher lecture me examples dete hain! abhi tak!",neutral
"From my side, the lectures are informative and easy to follow! at present!",positive
"In my experience, The classroom environment is excellent!",positive
I feel that the classroom environment is not good! at present!,negative
"Generally, teacher assigned topics discuss karte hain! abhi tak!",neutral
"From my side, the teacher explains the topic during the class. at present.",neutral
"For me, The teacher does not explain concepts properly! In the course!",negative
"In my experience, The students attend the scheduled classes!",neutral
"From my side, The lectures are difficult to understand! At present!",negative
Teacher students ko motivate karte hain! classes ke during!,positive
"Overall, teacher concepts ko clearly samjhate hain! course me!",positive
"Generally, The course includes both theory and practical sessions! At present!",neutral
"From my side, the study material is well organized! at present!",positive
"Overall, lectures interesting aur informative hain! course me!",positive
"For me, the course includes both theory and practical sessions! overall!",neutral
"Overall, The lessons are boring and difficult to follow!",negative
"Experience ke according, faculty bahut supportive hai! mere according!",positive
"For me, the faculty is very supportive! for the students!",positive
"Generally, The teacher does not explain concepts properly! At present!",negative
"Mere according, lectures interesting aur informative hain! students ke liye!",positive
"For me, The teacher provides study material! For the students!",neutral
"Generally, The study material is incomplete! During the classes!",negative
"Experience ke according, students regular class attend karte hain! mere according!",neutral
"From my side, The classroom environment is excellent! During the classes!",positive
"Generally, the lessons are engaging and interesting! during the classes!",positive
"For me, The practical sessions are not useful! For the students!",negative
The teacher does not answer questions clearly! In my opinion!,negative
Teacher bahut achha padhate hain! mere according!,positive
"Mere according, class me topics easily samajh aa jate hain! students ke liye!",positive
I feel that The study material is incomplete! Overall!,negative
"Mere according, lectures interesting aur informative hain!",positive
"Mere according, students regular class attend karte hain! course me!",neutral
"From my side, the teacher answers questions patiently. overall.",positive
"From my side, the faculty is very supportive. overall.",positive
"In my experience, The teacher encourages students to participate! For the students!",positive
"Overall, The instructor discusses the assigned topics! In my opinion!",neutral
"In my experience, The practical sessions are very useful! In the course!",positive
"meri taraf se, teacher lecture me examples dete hain! overall!",neutral
"From my side, The teacher does not encourage students! At present!",negative
I feel that The lessons are engaging and interesting! At present!,positive
"Overall, the teacher gives examples during lectures. in my opinion.",neutral
"Generally, the teacher explains the topic during the class. during the classes.",neutral
"Mere according, class ka environment achha nahi hai! students ke liye!",negative
"Meri taraf se, class scheduled time par start hoti hai! course me!",neutral
"Overall, teacher students ko motivate nahi karte!",negative
"For me, The classroom environment is excellent! In the course!",positive
"In my experience, The class follows the planned timetable! For the students!",neutral
"Overall, teacher questions ko patiently solve karte hain! course me!",positive
The teacher does not encourage students! In my opinion!,negative
"Generally, the practical session is conducted in the laboratory. in my opinion.",neutral
"For me, the lectures are difficult to understand! in the course!",negative
"Experience ke according, practical sessions bahut useful hain! abhi tak!",positive
Mujhe lagta hai ki teacher study material provide karte hain! students ke liye!,neutral
"Generally, the students attend the scheduled classes. during the classes.",neutral
"Overall, class timetable ke according chalti hai! course me!",neutral
Mujhe lagta hai ki class me topics easily samajh aa jate hain! students ke liye!,positive
"Generally, the faculty conducts lectures regularly. during the classes.",neutral
"Meri taraf se, teacher mujhe achhe se nahi padhate hain! overall!",negative
"Generally, The class follows the planned timetable! At present!",neutral
"For me, the faculty is not supportive! for the students!",negative
"Overall, the course includes both theory and practical sessions!",neutral
The practical sessions are not useful! During the classes!,negative
"Generally, the faculty is not supportive. in my opinion.",negative
"From my side, the practical sessions are not useful. during the classes.",negative
"Overall, faculty bilkul supportive nahi hai!",negative
"Overall, practical sessions useful nahi hain!",negative
The teacher answers questions patiently!,positive
"For me, The teacher does not answer questions clearly! Overall!",negative
Mujhe lagta hai ki students regular class attend karte hain! abhi tak!,neutral
"In my experience, the instructor discusses the assigned topics! for the students!",neutral
Teacher questions ko properly explain nahi karte!,negative
I feel that the lessons are engaging and interesting! for the students!,positive
"For me, The classroom environment is not good! For the students!",negative
"For me, the teacher does not answer questions clearly. for the students.",negative
"Overall, The lectures are difficult to understand! In my opinion!",negative
Teacher mujhe achhe se nahi padhate hain! mere according!,negative
"From my side, the teacher does not answer questions clearly! overall!",negative
"From my side, The teacher answers questions patiently! Overall!",positive
"Overall, The practical sessions are very useful! In my opinion!",positive
"For me, The class starts according to the schedule! In the course!",neutral
I feel that The practical session is conducted in the laboratory! Overall!,neutral
I feel that the practical session is conducted in the laboratory! overall!,neutral
"Overall, The instructor gives confusing explanations! In my opinion!",negative
"For me, The teacher encourages students to participate! In the course!",positive
"Mere according, practical sessions useful nahi hain! students ke liye!",negative
"Meri taraf se, study material kaafi achha hai! course me!",positive
"Generally, teacher lecture me examples dete hain! overall!",neutral
"Generally, teacher ka explanation confusing hota hai! abhi tak!",negative
"For me, The practical sessions are very useful! In the course!",positive
"Mere according, course me theory aur practical dono hain!",neutral
"Overall, The students attend the scheduled classes!",neutral
"Generally, The faculty is not supportive! In my opinion!",negative
"For me, the students attend the scheduled classes! in the course!",neutral
I feel that The teacher answers questions patiently! For the students!,positive
"Generally, the class starts according to the schedule! at present!",neutral
"Overall, teacher students ko motivate nahi karte! mere according!",negative
"In my experience, The teacher does not encourage students!",negative
Faculty bahut supportive hai! classes ke during!,positive
"Experience ke according, teacher mujhe achhe se nahi padhate hain! classes ke during!",negative
"Mere according, class me topics samajh nahi aate hain! course me!",negative
I feel that The instructor discusses the assigned topics! For the students!,neutral
"Overall, faculty bahut supportive hai!",positive
"Generally, the lectures are difficult to understand. in my opinion.",negative
"In my experience, the instructor discusses the assigned topics. for the students.",neutral
The class follows the planned timetable! In my opinion!,neutral
"Experience ke according, practical session laboratory me hota hai! abhi tak!",neutral
"Meri taraf se, lectures boring aur difficult lagte hain! students ke liye!",negative
"Generally, The classroom environment is not good! At present!",negative
"Overall, the lectures are informative and easy to follow! in the course!",positive
"Overall, the lessons are boring and difficult to follow! in the course!",negative
"In my experience, The teacher provides study material! In the course!",neutral
I feel that The lessons are engaging and interesting! For the students!,positive
"For me, The teacher gives examples during lectures! For the students!",neutral
I feel that the instructor gives helpful examples! for the students!,positive
"Generally, The lessons are engaging and interesting! During the classes!",positive
Practical sessions useful nahi hain! mere according!,negative
The teacher explains concepts clearly! In my opinion!,positive
"From my side, The instructor gives confusing explanations! During the classes!",negative
"Generally, study material kaafi achha hai! abhi tak!",positive
"Overall, teacher lecture me examples dete hain!",neutral
"From my side, the study material is incomplete! at present!",negative
The class starts according to the schedule!,neutral
Faculty bilkul supportive nahi hai! mere according!,negative
"From my side, the teacher answers questions patiently! overall!",positive
"From my side, The class follows the planned timetable! During the classes!",neutral
Mujhe lagta hai ki teacher class me topic explain karte hain! students ke liye!,neutral
I feel that The teacher gives examples during lectures! For the students!,neutral
"Overall, the teacher gives examples during lectures! in my opinion!",neutral
The teacher provides study material! during the classes!,neutral
"In my experience, The lessons are engaging and interesting! For the students!",positive
Class scheduled time par start hoti hai!,neutral
"In my experience, the study material is incomplete!",negative
I feel that the teacher gives examples during lectures! overall!,neutral
The teacher gives examples during lectures! During the classes!,neutral
"Mere according, teacher questions ko properly explain nahi karte! students ke liye!",negative
Lectures interesting aur informative hain!,positive
The practical session is conducted in the laboratory! During the classes!,neutral
"Experience ke according, faculty bahut supportive hai! abhi tak!",positive
Mujhe lagta hai ki students regular class attend karte hain! overall!,neutral
"Mere according, students regular class attend karte hain!",neutral
"Experience ke according, teacher questions ko patiently solve karte hain! classes ke during!",positive
"Experience ke according, class scheduled time par start hoti hai! classes ke during!",neutral
"In my experience, The teacher does not answer questions clearly! For the students!",negative
"For me, the lectures are informative and easy to follow! in the course!",positive
"Meri taraf se, teacher students ko motivate karte hain! overall!",positive
"From my side, the teacher explains the topic during the class. during the classes.",neutral
Mujhe lagta hai ki lectures interesting aur informative hain! students ke liye!,positive
"Generally, teacher bahut achha padhate hain! overall!",positive
"Mere according, teacher lecture me examples dete hain! course me!",neutral
The instructor gives confusing explanations! In my opinion!,negative
"Meri taraf se, teacher study material provide karte hain! overall!",neutral
Lectures boring aur difficult lagte hain!,negative
"In my experience, The faculty conducts lectures regularly!",neutral
"Meri taraf se, practical session laboratory me hota hai! students ke liye!",neutral
"Overall, The course includes both theory and practical sessions! In my opinion!",neutral
"Overall, The lectures are difficult to understand! In the course!",negative
I feel that The classroom environment is not good! At present!,negative
The classes are very informative.,positive
"In my opinion, The course content is poorly organized. Overall.",negative
"From my experience, Class ka environment learning ke liye accha hai. In this class.",positive
"Overall, Lectures bahut fast hote hain. for students.",negative
I feel that Teacher students ko motivate bhi karte hain. according to my experience.,positive
Class ka teaching method confusing hai.,negative
"In my opinion, I am satisfied with the teaching quality. Overall.",positive
"From my experience, The lectures are too fast. In this class.",negative
"Overall, Mujhe ye subject easily samajh aata hai. for students.",positive
I feel that Class mein mujhe topics samajh nahi aate. according to my experience.,negative
Mujhe class ka content very useful laga.,positive
"In my opinion, Sir students ke questions ignore kar dete hain. Overall.",negative
"From my experience, The course content is well organized. In this class.",positive
"Overall, The classes are difficult to understand. for students.",negative
I feel that Class ka content bahut useful hai. according to my experience.,positive
Lectures interesting nahi hote.,negative
"In my opinion, Lectures informative aur easy to understand hain. Overall.",positive
"From my experience, Class ka learning experience poor hai. In this class.",negative
"Overall, The teacher answers questions patiently. for students.",positive
I feel that The lectures are not engaging. according to my experience.,negative
Padhane ka tarika bahut accha hai.,positive
"In my opinion, Teacher examples enough nahi dete. Overall.",negative
"From my experience, Class ka teaching method really good hai. In this class.",positive
"Overall, Mujhe class ka content useful nahi laga. for students.",negative
I feel that I understand the topics easily in this class. according to my experience.,positive
The teacher does not give enough examples.,negative
"In my opinion, Class mein concepts achhe se samajh aate hain. Overall.",positive
"From my experience, Course ka content properly organized nahi hai. In this class.",negative
"Overall, Overall teaching quality excellent hai. for students.",positive
I feel that Lectures bahut fast aur difficult hain. according to my experience.,negative
I am satisfied with the teaching,positive
I am very satisfied with the teaching,positive
I am happy with the teaching,positive
I am satisfied with the teacher,positive
The teaching quality is good,positive
The classroom environment is good,positive
The teacher is good at explaining,positive
The teacher explains very well,positive
The teacher teaches very well,positive
The teacher is supportive,positive
The teacher is very supportive,positive
The teacher is helpful,positive
The teacher is supportive and helpful,positive
The teacher helps students understand concepts,positive
The teacher explains concepts clearly,positive
The teacher explains everything clearly,positive
The lectures are interesting,positive
The classes are interesting,positive
I enjoyed the class,positive
I really enjoyed the lectures,positive
The teaching method is effective,positive
The teaching is excellent,positive
The teacher is excellent,positive
The class was excellent,positive
The learning experience was excellent,positive
I learned a lot from this class,positive
The teacher answers questions clearly,positive
The teacher clears our doubts,positive
The practical sessions are useful,positive
The course is useful,positive
The teacher encourages students,positive
The teacher pays attention to students,positive
I am happy with the learning experience,positive
Overall the teaching is good,positive
Overall I am satisfied with the class,positive
The teacher provides helpful examples,positive
The teacher explains difficult topics clearly,positive
The teacher makes learning easy,positive
The classroom environment is positive,positive
The learning experience is good,positive
